の,9164
、,8870
を,5855
に,5235
が,4978
する,4974
た,4911
て,4414
は,4408
。,3928
で,3820
ます,3669
と,3006
いる,2668
だ,1545
れる,1321
こと,1279
「,1259
」,1259
日,1100
など,1054
も,848
から,846
なる,797
人,734
や,730
です,726
ない,720
市,719
ある,587
という,585
県,552
２,507
読む,491
続き,489
１,457
この,411
よう,385
３,356
者,353
について,347
として,334
選手,330
行う,320
年,313
的,311
日本,306
まで,305
よる,300
ため,293
中,283
られる,282
４,257
前,253
話す,250
５,250
アメリカ,247
できる,246
たい,234
これ,211
時,209
へ,207
また,206
およそ,204
さん,204
か,201
６,200
度,199
受ける,189
被害,186
時間,186
ほか,182
分,180
会,180
７,179
述べる,179
％,179
・,178
避難,170
大会,165
台風,164
町,164
影響,162
出る,162
回,156
さ,156
東京,156
いく,153
世界,147
性,142
示す,141
それ,139
中国,139
午後,138
対応,138
万,138
ことし,137
関係,136
警察,135
開く,134
あと,134
発表,133
化,132
円,132
北朝鮮,132
進める,131
中心,130
メートル,130
求める,130
ぬ,129
８,128
歳,127
大臣,127
午前,126
情報,125
側,124
たち,123
向ける,123
せる,123
確認,122
以上,122
国,122
豪雨,120
制裁,120
問題,118
による,116
試合,116
呼びかける,116
続く,116
９,114
第,114
高い,114
雨,114
委員,114
広島,114
もの,113
災害,112
対策,111
政府,111
くる,105
ば,105
全国,104
必要,104
一方,104
今月,103
気象庁,102
ミリ,102
気温,101
みる,101
検討,101
（,100
）,100
たり,100
見る,100
今後,100
症,98
地域,96
ところ,95
土砂,95
その,95
に対し,95
先月,95
億,95
連盟,95
対,94
う,94
住宅,94
選挙,93
今回,92
お,91
一部,89
わかる,89
うち,89
合わせる,89
イラン,89
死亡,88
目,88
新た,88
さらに,87
部,87
とともに,87
政権,87
今,86
熱中,86
余り,86
市場,86
出す,85
思う,85
激しい,85
去年,85
会長,85
会談,85
女性,84
最大,83
暑い,82
点,82
間,82
家,81
始める,81
ので,81
ん,80
山形,80
区,80
男性,80
参加,80
決める,80
危険,80
強い,79
＝,79
考え,79
金融,79
西日本,78
被災,78
調査,77
出場,77
多い,77
支援,77
明らか,77
トランプ,77
位,76
大統領,76
オリンピック,75
非常,75
記者,75
号,74
使う,74
結果,74
警戒,74
より,74
水,74
大きな,73
数,73
降る,73
会社,73
省,73
会議,73
続ける,72
にかけて,72
企業,72
地区,72
地,71
近く,71
進む,71
うえ,71
氏,71
外相,71
状況,70
指摘,70
調べる,69
九州,69
ら,69
経済,69
高校,69
起きる,68
キロ,68
大学,68
長,68
夏,67
量,67
ごろ,66
員,66
安全,66
そのうえで,66
事業,66
に対して,65
車,65
方針,65
状態,64
世帯,64
科学,64
入る,63
夜,63
最も,63
元,63
記録,62
見込み,62
後,62
非核,62
作業,61
多く,61
十分,61
予想,61
大,61
月,61
注意,60
初めて,60
措置,60
上,60
伝える,60
代表,60
総理,60
会見,60
事故,59
そして,59
朝,58
超える,58
ながら,58
川,58
住民,58
ボランティア,58
ボクシング,58
上がる,57
目指す,57
観測,57
相次ぐ,57
岡山,57
けが,56
観光,56
客,56
訪れる,56
最高,56
取る,55
海上,55
こうした,55
ロシア,55
病院,54
強化,54
現在,54
風速,54
見通し,54
国際,54
予定,54
安倍,54
その後,53
可能,53
式,53
投手,53
一,53
路,53
相手,52
０,52
議員,52
消防,51
戦,51
いずれ,51
南部,51
米,51
べし,51
猛暑,50
浸水,50
詳しい,50
始まる,50
報告,50
増える,50
長官,50
選手権,50
京都,49
勝つ,49
風,49
運転,49
地元,49
会合,49
評価,49
子ども,48
対象,48
動き,48
説明,48
核,48
福島,48
文部,48
か月,48
島,47
含む,47
各地,47
東北,47
先,47
設置,47
めぐる,47
原爆,47
大雨,47
生活,47
施設,46
来月,46
規模,46
理事,46
見つかる,46
支持,46
チーム,46
平和,46
活動,46
政策,46
だけ,46
氾濫,46
建設,45
大阪,45
際,45
来る,45
大きい,45
事件,45
場,45
所,44
ぶり,44
金,44
かかる,44
自動車,44
同じ,44
訴える,44
関東,44
村,44
市内,43
でも,43
再開,43
取材,42
ほど,42
伴う,42
監督,42
呼ぶ,42
批判,42
出席,42
野球,42
意見,42
合意,42
付近,41
地方,41
もらう,41
考える,41
都,41
勧告,41
男子,41
地震,40
代,40
東日本,40
猛烈,40
利用,40
低い,40
管理,40
容疑,40
疑い,40
持つ,40
専門,40
をめぐって,40
指示,40
導入,40
家族,40
野党,40
式典,40
学生,40
『,40
』,40
機関,40
派,40
原因,39
▽,39
不正,39
高まる,39
書,39
女子,39
社会,39
具体,39
自分,39
防災,38
設ける,38
しっかり,38
開発,38
おる,38
比べる,38
協議,38
完全,38
上昇,38
懸念,38
協力,38
連携,38
韓国,38
階,37
連続,37
センター,37
本,37
道路,37
率,37
責任,37
声,37
実現,37
維持,37
首脳,37
ゲーム,37
公開,37
復旧,36
担当,36
逮捕,36
よい,36
亡くなる,36
国連,36
重要,36
処分,36
当時,35
によって,35
搬送,35
発生,35
判断,35
復興,35
核兵器,35
６月,35
発動,35
ＡＳＥＡＮ,35
建物,34
ＮＨＫ,34
聞く,34
外国,34
高波,34
時半,34
四国,34
局地,34
計画,34
県内,34
実施,34
行為,34
目標,34
場合,34
駅,34
決定,34
防衛,34
一連,34
どう,34
貿易,34
連合,34
山根,34
どの,33
接近,33
市長,33
国内,33
グループ,33
最終,33
力,33
団体,33
強調,33
緩和,33
停止,33
審判,33
インドネシア,32
知る,32
周辺,32
南,32
程度,32
応じる,32
現場,32
整備,32
症状,32
手,32
時期,32
ミサイル,32
４月,32
自民党,32
知事,32
現地,31
秋田,31
会場,31
場所,31
西,31
小学校,31
向かう,31
千葉,31
北,31
務める,31
課題,31
すべて,31
組織,31
取り組み,31
サービス,31
長崎,31
平成,31
上る,31
厳重,31
自治体,31
滑走,31
かける,31
交渉,31
総裁,31
原発,31
局,30
とる,30
それぞれ,30
パラリンピック,30
棟,30
土地,30
それに,30
年間,30
官,30
判決,30
年生,30
日銀,30
台,30
職員,30
輸入,30
▼,30
競技,29
福岡,29
北部,29
終わる,29
加える,29
太平洋,29
党,29
過去,29
ポイント,29
産業,29
調整,29
作る,29
８月,29
決勝,29
次,29
行動,29
倍,29
線,28
打つ,28
対戦,28
流れ込む,28
通報,28
に対する,28
すぎ,28
瞬間,28
しまう,28
出身,28
ものの,28
か所,28
内,28
日大,28
各国,28
船,28
いい,28
意識,28
改めて,28
国民,28
ほしい,28
呉,28
被爆,28
甲子園,28
軍,28
幹事,28
総務,28
生産,28
両国,28
参議院,28
賠償,28
ペア,28
つながる,27
庁,27
様子,27
先発,27
来年,27
走る,27
成田,27
学校,27
事実,27
環境,27
開催,27
公表,27
団,27
エース,27
みずから,27
姿勢,27
拡大,27
といった,27
全員,27
乗客,27
関税,27
水位,27
額,27
府,26
急ぐ,26
神奈川,26
日本人,26
大谷,26
番,26
山,26
水分,26
果たす,26
バス,26
教授,26
下山,26
岐阜,26
投票,26
おととし,26
近い,26
研究,26
抑える,26
強める,26
生徒,26
私,26
認める,26
二,26
開会,26
金利,26
策,26
民主党,26
処理,26
豊洲,26
移転,26
シンガポール,26
含める,25
広い,25
吹く,25
やる,25
実際,25
誘導,25
厳しい,25
獲得,25
夕方,25
教育,25
乗用車,25
初,25
取り組む,25
法,25
変化,25
体制,25
販売,25
本部,25
優勝,25
メディア,25
声明,25
大手,25
投資,25
士,25
演出,25
宇宙,25
愛媛,25
広がる,25
圧力,25
ドル,25
竹下,25
桃田,25
プルトニウム,25
部分,24
東,24
映像,24
北海道,24
与える,24
ただ,24
分析,24
大気,24
不安定,24
物,24
行方,24
上回る,24
さまざま,24
交換,24
注目,24
挙げる,24
そう,24
まま,24
引き続き,24
確保,24
早い,24
以降,24
理由,24
分野,24
費用,24
拉致,24
決算,24
河野,24
海,23
はじめ,23
運ぶ,23
不足,23
店,23
住む,23
工事,23
埼玉,23
奈良,23
認識,23
前回,23
指定,23
すでに,23
送る,23
奪う,23
内容,23
選ぶ,23
三,23
流す,23
活用,23
得る,23
自衛隊,23
倉敷,23
９月,23
連絡,23
技術,23
練習,23
いう,23
犠牲,23
価格,23
ＥＵ,23
運営,23
銃,23
軽い,22
打席,22
こまめ,22
にわたって,22
入れる,22
火事,22
７月,22
メーカー,22
共同,22
見せる,22
ブラジル,22
追加,22
しかし,22
全体,22
とき,22
言う,22
勢力,22
撤去,22
品,22
決まる,22
図る,22
助成,22
文書,22
主導,22
南シナ海,22
一致,22
解決,22
電話,21
当局,21
以来,21
適切,21
速い,21
以内,21
発達,21
田中,21
大型,21
両,21
減少,21
アメリカンフットボール,21
反則,21
辞任,21
事務,21
実験,21
ヨーロッパ,21
首相,21
母親,21
流れる,21
くださる,21
関連,21
宣言,21
特に,21
別,21
まとめる,21
摩擦,21
指導,21
交付,21
航空,21
銀行,21
派閥,21
公民館,21
リーグ,21
投げる,20
割,20
５月,20
増やす,20
増水,20
乗る,20
伊豆諸島,20
名古屋,20
栃木,20
捜査,20
鹿児島,20
捜索,20
長野,20
Ｉ,20
成長,20
成田空港,20
幹部,20
Ａ,20
不明,20
議論,20
対立,20
取り,20
物価,20
工場,20
向け,20
まだ,19
統計,19
範囲,19
ほぼ,19
準備,19
複数,19
男,19
強風,19
業務,19
和歌山,19
フランス,19
補給,19
方向,19
局長,19
所属,19
沖縄,19
ランキング,19
姿,19
イギリス,19
期間,19
延長,19
長い,19
反,19
記念,19
裁判,19
案,19
集まる,19
気持ち,19
株式,19
株価,19
期待,19
アジア,19
保護,19
長期,19
理解,19
発言,19
踏まえる,19
ストレート,19
双方,19
引き上げる,19
下,18
禁止,18
終える,18
命,18
再び,18
やすい,18
達す,18
道,18
当たる,18
交わす,18
最後,18
遅れる,18
第三者,18
台湾,18
デモ,18
回復,18
時代,18
感じる,18
ダム,18
宿泊,18
戸,18
仮設,18
提出,18
再,18
慎重,18
映画,18
Ｂ,18
最新,18
カナダ,18
機,18
国土,18
便,18
春,18
システム,18
社,18
国会,18
兵庫,18
立場,18
狙い,18
決議,18
前線,18
ヒット,17
ホームラン,17
暖かい,17
新潟,17
福井,17
昭和,17
冷房,17
静岡,17
一般,17
都内,17
小田原,17
途中,17
波,17
難しい,17
週間,17
想定,17
外,17
女の子,17
防ぐ,17
資料,17
一緒,17
４つ,17
くれる,17
思い,17
閉鎖,17
諸国,17
旧,17
守る,17
昼,17
コメント,17
交通省,17
投稿,17
衆議院,17
小池,17
インフラ,17
基づく,17
原油,17
経営,17
バドミントン,17
原子力,17
規制,17
輸出,17
七,17
マグニチュード,16
けが人,16
つく,16
覆う,16
何,16
関わる,16
ここ,16
近づく,16
もと,16
直接,16
いわゆる,16
殺害,16
検証,16
スポーツ,16
着実,16
備える,16
隻,16
失点,16
リード,16
州,16
１つ,16
高校生,16
民間,16
信頼,16
基,16
裁判所,16
投下,16
総合,16
短時間,16
にとって,16
大量,16
弾道,16
配備,16
保障,16
企画,16
効果,16
緊急,16
取り引き,16
国債,16
人工,16
負担,16
制度,16
とどまる,16
改善,16
飛行,16
議会,16
特別,16
警報,16
景気,16
消費,16
権,16
売り上げ,16
外務,16
勝ち,16
新庄,16
戸沢,16
タイブレーク,16
国家,15
岩手,15
シーズン,15
日本海,15
従業,15
離れる,15
水産,15
金メダル,15
オープン,15
ほとんど,15
暴風,15
公園,15
調べ,15
残る,15
自宅,15
受け止める,15
降りる,15
歩く,15
隊,15
統括,15
仕組み,15
ドイツ,15
観客,15
個人,15
安定,15
プレー,15
末,15
カンボジア,15
形,15
われわれ,15
報道,15
以外,15
廃棄,15
平年,15
電車,15
提供,15
集落,15
役員,15
先週,15
緊張,15
リオデジャネイロ,15
ご,15
着陸,15
努める,15
更新,15
地下,15
手続き,15
拠点,15
用意,15
り,15
国務,15
東南アジア,15
希望,15
表明,15
変わる,15
軍事,15
一定,15
いじめ,15
保有,15
電力,15
予選,15
三重,14
基地,14
写真,14
花火,14
火,14
方,14
話,14
ピッチャー,14
寄り,14
空気,14
営業,14
店舗,14
完成,14
体験,14
雨雲,14
少し,14
男の子,14
息子,14
迎える,14
すぐ,14
高齢,14
置く,14
とても,14
試験,14
内田,14
実行,14
初戦,14
オーストラリア,14
通算,14
個,14
語,14
主要,14
総,14
有効,14
減る,14
人権,14
見込む,14
にあたる,14
自殺,14
努力,14
市民,14
一時,14
中央,14
ＪＲ,14
時点,14
保管,14
事態,14
野村,14
とも,14
機体,14
立つ,14
児童,14
旅行,14
首都,14
広げる,14
目的,14
インターネット,14
審議,14
防止,14
否定,14
健康,14
解除,14
開幕,14
し,14
赤ちゃん,14
政治,14
環境省,14
メキシコ,14
関心,14
やめる,14
連日,14
東京電力,14
訪問,14
青森,14
策定,14
つなげる,14
進出,14
甲信,14
停電,13
バリ島,13
医療,13
祭り,13
男女,13
センチ,13
爆発,13
連勝,13
堤防,13
泥,13
課,13
障害,13
３月,13
気圧,13
ヘクトパスカル,13
停滞,13
竜巻,13
教頭,13
ビール,13
衝突,13
異例,13
湾,13
農家,13
づくり,13
集める,13
これから,13
警視庁,13
車両,13
上げる,13
生,13
晴れる,13
体,13
方法,13
運動,13
盛り込む,13
電気,13
電池,13
国立,13
将来,13
監視,13
無,13
菅,13
見える,13
イベント,13
回る,13
促す,13
スマート,13
フォン,13
勝利,13
海外,13
紹介,13
漁業,13
遺族,13
真備,13
津波,13
早期,13
平均,13
現状,13
速やか,13
官房,13
閉会,13
使用,13
協会,13
列車,13
控える,13
新型,13
取得,13
見方,13
出荷,13
運用,13
データ,13
トラック,13
副,13
球場,13
再建,13
変更,13
日間,13
予測,13
増加,13
流用,13
石破,13
全力,13
履行,13
回戦,13
損害,13
シングルス,13
上乗せ,13
明,13
判定,13
発車,13
ベル,13
行政,13
瀬,13
船籍,13
チャンス,12
倒れる,12
当たり,12
陸上,12
審査,12
安心,12
挑戦,12
ゴール,12
いける,12
ホテル,12
帯,12
高潮,12
条件,12
ごと,12
学,12
細胞,12
強まる,12
中間,12
展開,12
楽しむ,12
奄美,12
ジャパン,12
ボール,12
５つ,12
フン,12
セン,12
与党,12
票,12
派遣,12
受け付け,12
あたる,12
干拓,12
とか,12
公式,12
土砂崩れ,12
結ぶ,12
体調,12
待つ,12
銭,12
情勢,12
師,12
狙う,12
条約,12
反対,12
斎,12
手がける,12
路上,12
空港,12
おく,12
大切,12
費,12
級,12
園,12
タイムリー,12
連覇,12
段階,12
修正,12
水準,12
迅速,12
再発,12
立憲,12
請求,12
資本,12
提携,12
入居,12
受け入れ,12
合宿,12
沖,12
マレーシア,12
旅客機,12
中止,12
林,12
復帰,12
つける,12
悪化,12
インド,12
あげる,12
反発,12
帰国,12
今年度,12
就任,12
不適切,12
回答,12
感,12
熊谷,12
燃料,12
プロ,12
スマッシュ,12
考え方,12
離陸,12
非難,12
引き上げ,12
各,12
業績,12
メンバー,12
メダル,12
酒田,12
携帯,11
正午,11
震源,11
落ちる,11
大リーグ,11
左,11
現象,11
ざす,11
研修,11
資格,11
経験,11
もらえる,11
遺体,11
課長,11
カヌー,11
場面,11
驚く,11
逃げる,11
看板,11
温暖,11
登山,11
福祉,11
きっかけ,11
大勢,11
区域,11
都道府県,11
尽くす,11
失う,11
動く,11
機能,11
済み,11
熊本,11
横浜,11
東海,11
迫る,11
ツアー,11
会う,11
花,11
民主,11
大幅,11
しか,11
登録,11
主義,11
催し,11
最初,11
開ける,11
命じる,11
確定,11
農業,11
描く,11
文化,11
舞台,11
運行,11
行く,11
謝罪,11
あいさつ,11
人手,11
困難,11
音,11
電鉄,11
きょう,11
外交,11
萬,11
活躍,11
テレビ,11
王,11
父親,11
エア,11
突然,11
シート,11
あまり,11
ネット,11
地滑り,11
背景,11
容認,11
桃,11
深刻,11
知能,11
視察,11
名前,11
学習,11
基準,11
発信,11
正式,11
トン,11
井上,11
重大,11
湿る,11
特定,11
欠航,11
懇談,11
用,11
けん制,11
離脱,11
中旬,11
おおむね,11
候補,11
見直す,11
製造,11
雷,11
事前,11
通商,11
火災,11
ソフトボール,11
配慮,11
悪い,11
炉,11
カウント,11
安保理,11
核軍縮,11
なくなる,11
種目,11
攻撃,11
負け,11
大塚家具,11
藤田,11
西村,11
にくい,10
床,10
壊れる,10
平,10
打者,10
越える,10
鶴岡,10
照りつける,10
高気圧,10
各社,10
検査,10
機構,10
公募,10
流れ,10
未明,10
落雷,10
突風,10
号線,10
早急,10
頭,10
バイク,10
屋根,10
コース,10
通常,10
移動,10
戻る,10
かも,10
型,10
掲げる,10
元気,10
毎年,10
リスク,10
研究所,10
病気,10
見つける,10
認定,10
トップ,10
働く,10
外部,10
いろいろ,10
分の,10
臨む,10
先制,10
タイ,10
電球,10
２月,10
人民,10
対抗,10
意思,10
自由,10
制限,10
総社,10
ためらう,10
門,10
起こす,10
館,10
１月,10
中学生,10
を通じて,10
分かる,10
タクシー,10
値下がり,10
売る,10
迎撃,10
関与,10
見直し,10
狂言,10
基本,10
身,10
期,10
業界,10
寄せる,10
都市,10
誤る,10
座席,10
ケース,10
交通,10
付け,10
本格,10
経費,10
指標,10
副作用,10
法人,10
製品,10
ま,10
生かす,10
戦略,10
杉田,10
農林,10
設備,10
撮影,10
坂,10
年度,10
校,10
乗員,10
開設,10
皇太子,10
中学,10
削減,10
達成,10
クマ,10
対話,10
新,10
残す,10
年齢,10
選,10
断水,10
直ちに,10
意味,10
直後,10
展示,10
つかう,10
新しい,10
閣僚,10
頑張る,10
野菜,10
少なくとも,10
歴史,10
南北,10
朝鮮,10
仙台,10
首位,10
外務省,10
土石流,10
かなり,10
気象,10
ホーム,10
東京医科大学,10
紛争,10
ルール,10
室,10
銚子,10
合格,10
自衛,10
トルコ,10
悔しい,10
最上川,10
小笠原諸島,10
中核,10
ＮＴＴドコモ,9
津,9
上空,9
ゴロ,9
石川,9
人材,9
レース,9
違う,9
あおる,9
給水,9
競う,9
上陸,9
国道,9
勤務,9
否認,9
飲食,9
カメラ,9
交流,9
極めて,9
しれる,9
発,9
友人,9
残念,9
再生,9
室内,9
殺人,9
改革,9
ステーション,9
通う,9
部門,9
うれしい,9
賞,9
語る,9
笑顔,9
保安,9
差,9
アウト,9
マウンド,9
宮崎,9
スタート,9
敗れる,9
終了,9
川崎,9
溺れる,9
アンダー,9
勝,9
皆さん,9
開票,9
率いる,9
党首,9
抗議,9
発展,9
深い,9
見合わせる,9
排水,9
和解,9
受け入れる,9
滋賀,9
問う,9
車内,9
高知,9
トラブル,9
把握,9
茨城,9
鍵,9
ニューヨーク,9
下がる,9
見極める,9
部隊,9
継続,9
要望,9
開始,9
廃絶,9
非,9
事務所,9
スピード,9
中学校,9
口,9
周り,9
ばかり,9
当初,9
山口,9
レーダー,9
能力,9
通行,9
取り除く,9
追う,9
寄付,9
操作,9
楽天,9
性的,9
前提,9
申請,9
相当,9
安浦,9
全壊,9
ゆっくり,9
複雑,9
ずつ,9
自身,9
海洋,9
若い,9
どおり,9
よく,9
言葉,9
農林水産省,9
取引,9
予算,9
日本円,9
ミャンマー,9
変える,9
鉄鋼,9
すぎる,9
待機,9
最,9
朝鮮半島,9
に関する,9
除く,9
労働,9
来週,9
意向,9
重体,9
暮らし,9
念頭,9
のに,9
商品,9
主力,9
重ねる,9
早め,9
全,9
半壊,9
活発,9
主張,9
塩分,9
プラスチック,9
もっと,9
料,9
により,9
宮城,9
岩国,9
巨人,9
ファン,9
Ｋ,9
経緯,9
甲府,9
閣議,9
儀式,9
構築,9
焦点,9
備え,9
ひまわり,9
ダブルス,9
勢,9
追いつく,9
竿,9
冠,9
同点,9
絶対,9
上り,9
最上,9
ささげる,9
仮,9
海岸,8
リゾート,8
東部,8
地上,8
見物,8
業者,8
申し訳,8
高温,8
バーベキュー,8
英語,8
建て,8
ガラス,8
メロン,8
気象台,8
通過,8
順位,8
達する,8
沿い,8
製,8
そのまま,8
潮位,8
救助,8
死因,8
無事,8
現職,8
部長,8
番目,8
振興,8
つくる,8
橋,8
鳥取,8
ホームページ,8
医学部,8
乗り出す,8
殴る,8
英,8
保健,8
提言,8
搭載,8
人気,8
少ない,8
心,8
警告,8
平野,8
半径,8
断続,8
変化球,8
タイミング,8
サッカー,8
ワールドカップ,8
後半,8
得点,8
いったん,8
３つ,8
高める,8
応援,8
手段,8
科す,8
反映,8
歌舞伎,8
四,8
言い渡す,8
表現,8
下旬,8
西部,8
知人,8
被告,8
確実,8
風鈴,8
メッセージ,8
酒,8
面,8
官邸,8
不安,8
有力,8
線路,8
期限,8
天,8
忘れる,8
下落,8
艦,8
早める,8
サマータイム,8
森,8
核保有,8
整える,8
めど,8
小学,8
楽しい,8
はず,8
絶つ,8
？,8
襲う,8
大事,8
収賄,8
意気込み,8
小野寺,8
目安,8
長引く,8
収穫,8
スピーカー,8
野田,8
航空機,8
築地,8
低下,8
渡る,8
普通,8
どこ,8
ワシントン,8
侵害,8
独立,8
つつ,8
配車,8
募集,8
混乱,8
脅威,8
大震災,8
割合,8
厚生,8
労働省,8
雇用,8
しけ,8
出発,8
消防庁,8
山梨,8
配置,8
役割,8
かつ,8
演習,8
意欲,8
話し合う,8
齋藤,8
教諭,8
域,8
証言,8
セクハラ,8
法律,8
機器,8
鉄道,8
戦争,8
持ち味,8
高速,8
支える,8
避ける,8
自国,8
毅,8
総長,8
総体,8
要請,8
大分,8
平山,8
産,8
疑惑,8
内閣,8
資金,8
署名,8
規範,8
拘束,8
レール,8
解消,8
段,8
タンカー,8
内戦,8
空爆,8
和平,8
シリア,8
打線,8
瀬見,8
加算,8
愛知,7
抜ける,7
倒壊,7
手当て,7
破裂,7
指名,7
安打,7
焼ける,7
北西,7
漁港,7
別状,7
降り続く,7
前日,7
帰る,7
積極,7
相談,7
片づける,7
窓,7
顔,7
重なる,7
にわたり,7
沿岸,7
逆,7
集中,7
とれる,7
近所,7
駆けつける,7
巨大,7
人口,7
態勢,7
半数,7
臨床,7
チェック,7
“,7
”,7
十,7
バレエ,7
五島,7
受賞,7
航行,7
登板,7
三振,7
合う,7
止まる,7
ラウンド,7
無料,7
使える,7
披露,7
議席,7
勢い,7
正当,7
政党,7
次々,7
滞在,7
インタビュー,7
なぜ,7
有権者,7
江戸,7
部員,7
させる,7
水温,7
賢,7
罪,7
実,7
書く,7
三谷,7
議長,7
落とす,7
侵入,7
玄関,7
あす,7
入院,7
誰,7
提案,7
温度,7
カリフォルニア,7
収まる,7
死者,7
起こる,7
国内外,7
幅広い,7
作品,7
宏,7
大変,7
最近,7
重視,7
アピール,7
疲れ,7
佐伯,7
危機,7
周囲,7
対処,7
食べる,7
出せる,7
懲戒,7
創,7
金山,7
大阪桐蔭,7
史上,7
順次,7
畑,7
社長,7
加速,7
いただく,7
共産党,7
生きる,7
認可,7
資産,7
応地,7
臨時,7
進路,7
学園,7
発着,7
不透明,7
招く,7
さま,7
次いで,7
排出,7
温室,7
法案,7
暫定,7
成立,7
賛成,7
講演,7
国々,7
資源,7
今週,7
憲法,7
加盟,7
質問,7
出資,7
乗車,7
秋,7
蓮池,7
妻,7
占める,7
宇和島,7
吉田,7
ＪＡ,7
アフリカ,7
クーデター,7
異なる,7
反論,7
ＪＯＣ,7
補助,7
甚大,7
震災,7
アンケート,7
取りやめる,7
傾向,7
枠組み,7
重い,7
報道陣,7
豊岡,7
都心,7
一層,7
在り方,7
消火,7
グラウンド,7
日程,7
陽,7
柔軟,7
財政,7
かご,7
幅,7
進展,7
経団連,7
西武,7
南京,7
ショット,7
他,7
プラス,7
大使館,7
逃れ,7
見解,7
街,7
実効,7
参観,7
強制,7
原告,7
知的,7
飲み物,7
かねる,7
注視,7
駆け込み,7
解析,7
精度,7
敦煌,7
赤字,7
見送る,7
学力,7
サバ,7
リ,7
労災,7
パネル,7
放流,7
勝負,7
ぶつかる,7
松本,7
準決勝,7
売却,7
阿部,7
国務省,7
止める,7
タイトル,7
井山,7
ラジオ,7
上限,7
日系,7
バッター,7
ボンベ,7
入試,7
特捜,7
黙とう,7
進め方,7
短期大学,7
真室川,7
サヨナラ,7
庄内,7
全域,7
バングラデシュ,7
追悼,7
余目,7
タイヘイ,7
ビジネス,7
文化庁,7
賃貸,7
置き場,7
北村,7
ジョージア,7
アサド,7
翔,6
本拠地,6
二塁,6
速球,6
打率,6
ちょうど,6
小山,6
全く,6
佐藤,6
主催,6
夢,6
スラローム,6
ひざ,6
向く,6
雨量,6
長時間,6
インターチェンジ,6
熱海,6
壁,6
自転車,6
信じる,6
飲む,6
足,6
ビル,6
切る,6
争い,6
当選,6
層,6
固める,6
延期,6
上旬,6
治療,6
保険,6
物質,6
暴行,6
長男,6
究明,6
普及,6
ドライバー,6
支払う,6
実証,6
自信,6
小さい,6
リリーフ,6
屋久島,6
外れる,6
ランナー,6
なでしこ,6
裏,6
許す,6
結局,6
取れる,6
河川敷,6
工,6
岡本,6
到着,6
本当に,6
以前,6
演説,6
ふだん,6
蓮,6
踊り,6
業,6
あらゆる,6
公正,6
遺憾,6
高等,6
司法,6
訴え,6
通行止め,6
いま,6
地方裁判所,6
執行,6
態度,6
路面,6
町内,6
折れる,6
速度,6
高,6
仕事,6
不良,6
寝屋川,6
異常,6
終値,6
安い,6
指数,6
撤収,6
液,6
供述,6
徹底,6
採択,6
佐々木,6
駆使,6
出演,6
やや,6
担う,6
得意,6
位置,6
リレー,6
外出,6
鈴木,6
周知,6
新幹線,6
装置,6
乗り込む,6
ほう,6
トレーニング,6
公共,6
契約,6
向上,6
育てる,6
好調,6
要因,6
進退,6
独裁,6
廃止,6
共有,6
両社,6
深める,6
マイノリティー,6
汚染,6
健,6
引っ越し,6
税,6
取り戻せる,6
連,6
遅い,6
通じる,6
センバツ,6
井ノ口,6
下水,6
動ける,6
発見,6
そ,6
平日,6
移す,6
まとめ,6
決壊,6
地球,6
失業,6
大使,6
大島,6
拒否,6
保つ,6
マケドニア,6
代わる,6
ＮＡＴＯ,6
ホルムズ,6
海峡,6
需要,6
振り返る,6
特産,6
ジンバブエ,6
後押し,6
そうした,6
丁寧,6
依頼,6
答える,6
身近,6
表示,6
授乳,6
か国,6
触れる,6
変動,6
党内,6
道筋,6
主,6
大洲,6
家具,6
救急,6
仏像,6
像,6
前橋,6
兵器,6
近郊,6
引き続く,6
協定,6
な,6
博物館,6
石,6
なか,6
不,6
内部,6
最中,6
とらえる,6
罰金,6
群馬,6
愛犬,6
境界,6
証券,6
操業,6
右,6
球団,6
斗,6
恩返し,6
席,6
取り出す,6
原料,6
原則,6
任す,6
減らす,6
アップル,6
フォーラム,6
歓迎,6
凍結,6
イン,6
ラック,6
巨額,6
尊重,6
フェイス,6
ブック,6
全米,6
過大,6
決意,6
違憲,6
北川,6
崩す,6
ユーロ,6
胸,6
準,6
ＪＲ東日本,6
分かれる,6
繰り返す,6
機械,6
買収,6
書き込む,6
理科,6
テスト,6
盗む,6
値上げ,6
私立,6
便宜,6
非公開,6
予防,6
教員,6
くん,6
まもなく,6
ねぶた,6
細田,6
永原,6
廃,6
キム,6
約束,6
孫,6
中東,6
漁獲,6
サウジアラビア,6
廣田,6
露店,6
受験,6
点数,6
増す,6
谷口,6
誓う,6
存在,6
免許,6
数学,6
校庭,6
正面,6
追突,6
広瀬,6
巻き込む,6
園田,6
嘉村,6
本合海,6
革命,6
尾花沢,6
軽,6
下り,6
認知,6
掛川,6
または,5
田原,5
総領事館,5
マリナーズ,5
セカンド,5
フライ,5
飛ばす,5
球,5
厘,5
フェーン,5
三条,5
上越,5
大潟,5
昼前,5
傷,5
学ぶ,5
木造,5
割れる,5
両方,5
探す,5
川口,5
飲酒,5
フィリピン,5
はねる,5
防犯,5
校長,5
明るい,5
転倒,5
館山,5
府内,5
新聞,5
前後,5
もう,5
心配,5
南海,5
有数,5
進入,5
きれい,5
楽しみ,5
伝わる,5
病,5
適用,5
脳,5
高橋,5
承認,5
太,5
壽,5
ホンダ,5
コンクール,5
若手,5
神戸,5
感動,5
ダンサー,5
いちばん,5
マルタ,5
返す,5
戦う,5
多摩川,5
飛び込む,5
ヘリコプター,5
スコア,5
勉強,5
家庭,5
白熱,5
エネルギー,5
効率,5
下回る,5
県立,5
連れ,5
握る,5
欧米,5
人々,5
天候,5
市役所,5
休憩,5
公演,5
市川,5
娘,5
効力,5
なくす,5
全面,5
義務,5
日常,5
劇,5
県道,5
びわ湖,5
働きかけ,5
と共に,5
番組,5
分ける,5
届ける,5
願う,5
みんな,5
大豊,5
要求,5
何らかの,5
あふれる,5
破る,5
佐野,5
足りる,5
河川,5
公営,5
遊ぶ,5
京阪,5
困る,5
脇,5
代わり,5
小,5
注文,5
株,5
値上がり,5
発射,5
破壊,5
消毒,5
看護,5
生じる,5
焼失,5
乾燥,5
発効,5
北東,5
山崎,5
貴,5
旗,5
共通,5
独自,5
テーマ,5
人物,5
北京,5
煙,5
そば,5
体育館,5
小学生,5
秒,5
ね,5
圏,5
外す,5
盾,5
話題,5
清掃,5
首,5
犯人,5
映る,5
ペットボトル,5
知らせる,5
横領,5
免職,5
つなぐ,5
中川,5
精神,5
力強い,5
従う,5
農地,5
造る,5
わが国,5
産地,5
激化,5
通販,5
開示,5
スーパーコンピューター,5
柏,5
測定,5
建造,5
一段と,5
競争,5
彼ら,5
たつ,5
いまだに,5
食品,5
荷物,5
小型,5
当面,5
輸送,5
ロープ,5
通り,5
部屋,5
東広島,5
全日本,5
受け取る,5
学院,5
網,5
けん引,5
消息,5
乗せる,5
中部,5
乱れる,5
東アジア,5
９つ,5
取り消す,5
傘下,5
休業,5
改正,5
夫妻,5
利益,5
一帯,5
一路,5
運航,5
国名,5
貢献,5
ペルシャ湾,5
封鎖,5
料金,5
准,5
つらい,5
未来,5
同時に,5
交際,5
例年,5
順調,5
立て直し,5
年代,5
急速,5
伸ばす,5
項目,5
講じる,5
県議会,5
市町村,5
種類,5
母乳,5
緩やか,5
推移,5
一任,5
カエル,5
動物,5
引き下げる,5
手術,5
記す,5
固定,5
松山,5
実感,5
もつ,5
カバー,5
紙,5
電子,5
動向,5
緊密,5
防火,5
相場,5
舟,5
上野,5
系,5
パリ,5
卑わい,5
帰宅,5
波紋,5
署,5
動画,5
触る,5
小浜,5
ぼう,5
号機,5
鳴る,5
構内,5
オリンパス,5
信託,5
禁じる,5
修理,5
定める,5
かぶる,5
レベル,5
強力,5
推進,5
公明党,5
城,5
枕木,5
がれき,5
ストレス,5
発電,5
踏み込む,5
貯蔵,5
融資,5
兆,5
東シナ海,5
軍機,5
考慮,5
６つ,5
クリミア,5
直前,5
次第,5
かなう,5
交代,5
通貨,5
不十分,5
ピーク,5
疑問,5
正直,5
自主,5
桂,5
安芸,5
依然,5
優生,5
届く,5
目立つ,5
省庁,5
義務づける,5
夫,5
異議,5
に当たる,5
もたらす,5
トレーナー,5
聞こえる,5
奥原,5
役立つ,5
不当,5
スタイル,5
世代,5
負ける,5
状,5
美濃,5
日田,5
シルクロード,5
財産,5
阻止,5
授業,5
起訴,5
天皇陛下,5
退位,5
元号,5
画像,5
調達,5
ともに,5
打ち出す,5
不可逆,5
学長,5
うちわ,5
くらい,5
オランダ,5
衝撃,5
虐待,5
感謝,5
弾,5
樋口,5
ディスプレイ,5
下流,5
仁,5
立ち入る,5
準々,5
どころ,5
ミス,5
戦い,5
医学,5
日光,5
党員,5
正確,5
セット,5
財務省,5
打点,5
まつり,5
移籍,5
検察,5
訴訟,5
増強,5
許,5
石油,5
スーダン,5
大学生,5
新宿,5
物産,5
展,5
支所,5
高野連,5
水道,5
それでも,5
カセット,5
一律,5
再会,5
地検,5
通知,5
証,5
警察庁,5
表記,5
授賞,5
学区,5
違い,5
浮き彫り,5
引き分ける,5
山陽自動車道,5
中越,5
本田,5
千本杉,5
フォア,5
完封,5
ハイハイ,5
祈り,5
慰霊,5
碑,5
世論,5
決着,5
ある程度,5
サンプル,5
溶ける,5
原田,5
歩,5
じゅうたん,5
減額,5
浪,5
橋詰,5
海水浴,5
錦織,5
ごみ,5
採用,5
ラオス,5
有志,5
藤沢,4
地質,4
天井,4
地面,4
打数,4
北陸,4
近畿,4
下ろす,4
ちょう,4
転落,4
丁目,4
ドーピング,4
育成,4
専用,4
積む,4
応募,4
火元,4
岩,4
たまる,4
男鹿,4
スノーボード,4
メダリスト,4
銅メダル,4
ゲート,4
タイム,4
想像,4
満足,4
明け方,4
区間,4
過失,4
疑う,4
８つ,4
折る,4
骨折,4
右手,4
直す,4
シミュレーション,4
体温,4
いきさつ,4
尾花,4
正,4
啓,4
争う,4
最低,4
夜空,4
彩る,4
誇る,4
警備,4
歓声,4
個別,4
初め,4
京都大,4
神経,4
根本,4
自体,4
関西学院大学,4
定期,4
後ろ,4
発覚,4
体育,4
有識者,4
保証,4
電動,4
ジュニア,4
シニア,4
一つ,4
尖閣諸島,4
沖合,4
領海,4
ダイヤモンド,4
バックス,4
佳,4
好投,4
ピンチ,4
空振り,4
一環,4
パス,4
守備,4
きれる,4
オーバー,4
ボギー,4
促進,4
ローマ法王,4
信者,4
イタリア,4
スペイン,4
音声,4
早速,4
強権,4
追い込む,4
引く,4
唯一,4
かかわる,4
屋外,4
ウラジオストク,4
モスクワ,4
拍手,4
閉める,4
審,4
開門,4
支払い,4
女学生,4
爆心,4
教師,4
祭,4
護岸,4
上流,4
路線,4
アユ,4
産卵,4
以下,4
冬,4
入手,4
手助け,4
悲しみ,4
反省,4
Ｘ,4
軌道,4
伝統,4
たび,4
お互い,4
町議会,4
同行,4
校舎,4
境,4
水害,4
タワー,4
つかる,4
役場,4
孤立,4
西東京,4
方々,4
そこ,4
捜す,4
手がかり,4
変形,4
全線,4
通学,4
さらなる,4
過ごす,4
週,4
ＰＡＣ,4
敷地,4
舗装,4
面積,4
ヘクタール,4
田上,4
リーダー,4
一体,4
至る,4
携わる,4
聖火,4
富む,4
高度,4
キャプテン,4
薫,4
名,4
色,4
行える,4
モントリオール,4
ボーイング,4
完了,4
通信,4
建てる,4
本番,4
刃物,4
走行,4
てる,4
簡単,4
教室,4
どんな,4
気,4
視界,4
イメージ,4
こう,4
ふるまう,4
六,4
機会,4
まずは,4
志学,4
木,4
振る,4
序盤,4
最多,4
陣,4
粘り強い,4
無効,4
造成,4
洪水,4
先行き,4
和らげる,4
小幅,4
小菊,4
たくさん,4
品種,4
葉,4
アマゾン,4
手軽,4
正人,4
いえる,4
計算,4
診断,4
小川,4
自社,4
水脈,4
誌,4
本来,4
空間,4
ありがたい,4
こんな,4
手伝う,4
床上,4
お願い,4
領域,4
東側,4
光,4
封じ,4
本人,4
管,4
墜落,4
除外,4
を通して,4
珍しい,4
法令,4
夏休み,4
本土,4
加わる,4
コスト,4
ガス,4
不法,4
拠出,4
イスラム,4
治安,4
作戦,4
諸島,4
案内,4
海域,4
急増,4
隣国,4
違反,4
向こう,4
いつ,4
ソフトバンク,4
決済,4
設立,4
ライバル,4
人生,4
風景,4
空き,4
ゼロ,4
かんきつ,4
果,4
洗い流す,4
崩壊,4
長年,4
規定,4
弁護士,4
築く,4
申し上げる,4
了解,4
総額,4
可決,4
教訓,4
知識,4
盛岡,4
機内,4
枠,4
生まれる,4
ＷＨＯ,4
比較,4
求人,4
数値,4
コーナー,4
収める,4
毎日,4
依然として,4
麻生,4
未満,4
涼しい,4
冷やす,4
堂,4
本尊,4
にわたる,4
並ぶ,4
和,4
しかた,4
同席,4
会津若松,4
金沢,4
衛星,4
到達,4
個々,4
引火,4
改修,4
丸木舟,4
航海,4
製作,4
試みる,4
言動,4
悩み,4
助ける,4
連邦,4
人事,4
コール,4
マン,4
意図,4
報復,4
回数,4
巧み,4
将軍,4
寺,4
贈る,4
漏れ,4
漏れる,4
予備,4
原子,4
放射線,4
行,4
支出,4
国営,4
労働党,4
手口,4
慣れる,4
つもり,4
背番号,4
ウクライナ,4
中盤,4
ペース,4
明確,4
先立つ,4
添乗,4
岡田,4
配る,4
暮らす,4
受け付ける,4
明記,4
買い取る,4
稼働,4
黒田,4
仲介,4
相互,4
パートナー,4
どうし,4
支配,4
引き渡し,4
さいたま,4
欠く,4
現時点,4
安,4
番号,4
反応,4
アカウント,4
件,4
渋滞,4
受注,4
実態,4
翌,4
法的,4
深まる,4
短い,4
失敗,4
書面,4
模索,4
パンムンジョム,4
ソウル,4
部品,4
気候,4
予報,4
側面,4
ドア,4
鉄,4
攻める,4
港,4
チューナー,4
ボーナス,4
伸び,4
勝てる,4
おもてなし,4
素早い,4
Ｑ,4
森田,4
兆し,4
モデル,4
量産,4
プロセス,4
域外,4
流出,4
書き込み,4
接触,4
不満,4
結束,4
缶詰,4
品目,4
調理,4
汚職,4
巡る,4
即位,4
包括,4
参考,4
クロマグロ,4
文言,4
復活,4
醸成,4
イングランド銀行,4
都政,4
盛り上げる,4
作成,4
にぎわう,4
スペース,4
近藤,4
死,4
クラス,4
翌日,4
上海,4
植える,4
不時着,4
コントロール,4
急激,4
液晶,4
黒字,4
梶谷,4
抹消,4
隣接,4
初日,4
そろう,4
半分,4
立ち上がり,4
粘る,4
体操,4
ナショナル,4
当事者,4
広島大学,4
立候補,4
圧倒,4
日米地位協定,4
ジュゴン,4
高値,4
上位,4
連敗,4
悪影響,4
駐車,4
比江,4
洋上,4
徴用,4
押収,4
家屋,4
かぎり,4
釜石,4
ラグビー,4
スタジアム,4
日産,4
大塚,4
サポート,4
独占,4
後退,4
イエメン,4
精製,4
合弁,4
遍路,4
接待,4
漫画,4
伊豆,4
御苑,4
またがる,4
カフェ,4
氷,4
出国,4
温泉,4
水遊び,4
終戦,4
野口,4
ロッテ,4
三塁,4
フィンランド,4
名簿,4
川端,4
２つ,4
篠栗,4
福,4
倭,4
満員,4
ＮＲＡ,4
銃撃,4
警察官,4
横須賀,4
どちら,4
北戴河,4
敷く,4
コーチャー,4
崩れる,4
みせる,4
前進,4
スタジオ,4
突っ込む,4
損壊,4
鮭川,4
京田川,4
指首野川,4
ピッチング,4
狩川,4
酒造,4
北茨城,4
高萩,4
満塁,4
舟形,4
時刻,4
参列,4
関越,4
漫才,4
夢路,4
大いに,4
アウトコース,4
安否,4
親族,4
シカゴ,4
あわせる,4
死刑,4
冷凍庫,4
試算,4
辞表,4
鳥羽,3
やけど,3
打ち上げる,3
直径,3
屋,3
アナ,3
ハイム,3
鋭い,3
ノーヒット,3
引っ張る,3
鼠ヶ関,3
つながり,3
富士宮,3
横,3
役,3
話しかける,3
見立てる,3
カップ,3
兼ねる,3
藤原,3
開業,3
面す,3
扉,3
海水,3
商業,3
基礎,3
ドクター,3
ヘリ,3
順番,3
感覚,3
つかめる,3
南東,3
計,3
上げ,3
真鶴,3
ひき逃げ,3
市立,3
本町,3
食事,3
酔う,3
性格,3
耳,3
海沿い,3
冠水,3
立往生,3
転ぶ,3
河津,3
物置,3
東風,3
パターン,3
狭い,3
例,3
低,3
委託,3
にあたり,3
捕獲,3
飼い主,3
体長,3
新人,3
是非,3
言及,3
まち,3
自民,3
公明,3
市街地,3
隅田川,3
不審,3
撮る,3
曇る,3
伝達,3
作り出す,3
手足,3
患者,3
少年,3
強盗,3
自称,3
石崎,3
大阿久,3
負う,3
現金,3
通帳,3
犯行,3
動機,3
タックル,3
兼務,3
充電,3
短縮,3
代金,3
組む,3
温,3
ポルトガル,3
なれる,3
役に立つ,3
喜び,3
すごい,3
幸せ,3
管区,3
接続,3
代打,3
ベンチ,3
遠征,3
前半,3
守り,3
たびたび,3
フォワード,3
パワー,3
間際,3
矢,3
粘り,3
高倉,3
麻子,3
バランス,3
中原,3
ボート,3
ゴルフ,3
畑岡,3
バーディー,3
バー,3
持ち込む,3
通訳,3
法王,3
若者,3
熊野,3
輪,3
解党,3
圧勝,3
尾,3
ホワイトハウス,3
権利,3
決断,3
休止,3
高梁,3
左團次,3
盛ん,3
物語,3
堂々,3
きる,3
漁場,3
免れる,3
退ける,3
髪,3
戦時,3
その間,3
年寄り,3
リアル,3
宇陀,3
崩れ落ちる,3
注ぐ,3
試験場,3
湖面,3
水深,3
評論,3
猶予,3
真相,3
短冊,3
傾ける,3
物資,3
運び出す,3
断る,3
ハード,3
ソフト,3
訓練,3
鉄骨,3
南西,3
得票,3
のぼる,3
丘,3
資材,3
休み,3
ようやく,3
住まい,3
移行,3
り災,3
証明,3
発行,3
パンタグラフ,3
とにかく,3
エアコン,3
日経,3
東証,3
トピックス,3
出来高,3
Ｔ,3
銘柄,3
詰め,3
命令,3
ほる,3
津山,3
点滴,3
同僚,3
不在,3
西川,3
八巻,3
身柄,3
袋,3
巡回,3
熱,3
賛同,3
引き継ぎ,3
椎名,3
林檎,3
理念,3
デザイン,3
ギリシャ,3
生み出す,3
つぶやく,3
飲料,3
登場,3
音楽,3
愛,3
ロンドン,3
行き,3
入り口,3
増毛,3
組,3
だり,3
札幌,3
切りつける,3
乗り物,3
よ,3
放送,3
真,3
大崎,3
振り回す,3
立川,3
いざ,3
違和感,3
！,3
アドバイザー,3
幸子,3
払う,3
うかがう,3
聴く,3
身の回り,3
教える,3
遮る,3
傘,3
大声,3
勧める,3
なんて,3
出向,3
会費,3
迷惑,3
学芸,3
抜く,3
半,3
利回り,3
平群,3
お盆,3
扇風機,3
つけ,3
農作物,3
滝川,3
拾う,3
ひどい,3
える,3
ＪＥＴＲＯ,3
石毛,3
官民,3
単に,3
金額,3
組み合わせる,3
無責任,3
ＯＢ,3
常任,3
秘書,3
福山,3
最速,3
自動,3
コンピューター,3
特徴,3
ますます,3
付ける,3
捉える,3
ぐる,3
顧客,3
月刊,3
撤回,3
辞職,3
江東,3
盛り土,3
値,3
地点,3
土壌,3
風評,3
平田,3
解体,3
穴,3
空く,3
公的,3
一刻,3
本殿,3
早朝,3
文化財,3
取り戻す,3
除名,3
結論,3
種子島,3
回り,3
しける,3
等分,3
財源,3
充てる,3
聖,3
星,3
呼び出す,3
工作,3
解明,3
妨害,3
証拠,3
信用,3
金属,3
操縦,3
介入,3
駐,3
羽田,3
ダイヤ,3
近隣,3
限る,3
支障,3
小中学生,3
林道,3
二酸化炭素,3
界,3
移民,3
辞す,3
国境,3
上院,3
望む,3
構想,3
少数,3
人道,3
友好,3
かわす,3
北極圏,3
生息,3
殺す,3
多数,3
民族,3
西側,3
意義,3
最大手,3
柏崎,3
心境,3
なに,3
メリット,3
押し寄せる,3
泳ぐ,3
そういう,3
保育,3
歳児,3
再来年,3
タンク,3
整う,3
間に合う,3
構え,3
新鋭,3
選定,3
膨らむ,3
おかけ,3
おわび,3
作り,3
会計,3
補正,3
応急,3
計上,3
支給,3
牛山,3
府県,3
たずねる,3
移る,3
社員,3
まとまる,3
匹,3
仲間,3
けい椎,3
脊髄,3
経過,3
ガソリンスタンド,3
遺構,3
中断,3
着く,3
気づく,3
入れ替える,3
印象,3
抱負,3
いただける,3
ワシントン・ポスト,3
ピョンヤン,3
懐疑,3
収集,3
　,3
開放,3
入り,3
店内,3
小屋浦,3
鉄板,3
複合,3
切断,3
火花,3
為替,3
県営あづま,3
立派,3
話し合い,3
難航,3
満島,3
サイト,3
知り合う,3
配属,3
通りすがり,3
ことば,3
視聴,3
ディフェンダー,3
敗退,3
家光,3
表面,3
所有,3
若狭,3
明治,3
買う,3
冷却,3
生命,3
過度,3
漏えい,3
三菱,3
実質,3
雰囲気,3
韓,3
文,3
課徴,3
等,3
まいる,3
皆様,3
マーティン,3
多彩,3
自前,3
防御,3
ストレート勝ち,3
緩急,3
繁栄,3
ビショップ,3
応える,3
開場,3
腰,3
節減,3
代行,3
来年度,3
軟式,3
ブレーキ,3
燃える,3
消し止める,3
受け渡し,3
上田,3
申し込み,3
ためる,3
改定,3
芳明,3
引き渡す,3
融通,3
持続,3
従来,3
収益,3
でる,3
あがる,3
香港,3
伸びる,3
実績,3
依存,3
併合,3
クリミア半島,3
域内,3
国外,3
逃亡,3
同じく,3
舞鶴,3
公平,3
Ｄ,3
プリンター,3
発足,3
器,3
下す,3
リサーチ,3
年々,3
なす,3
加藤,3
ホールディングス,3
祈念,3
定員,3
皇室,3
世紀,3
収入,3
治山,3
乗り越える,3
わずか,3
竹林,3
下支え,3
争点,3
自由党,3
社民党,3
足並み,3
利する,3
全土,3
全額,3
富山,3
本社,3
横山,3
出かける,3
全日空,3
児,3
感じ,3
昨年度,3
わいせつ,3
書類,3
送検,3
広報,3
ずくめ,3
広範囲,3
音量,3
出勤,3
メロディー,3
収録,3
設定,3
やむをえない,3
けど,3
調子,3
楽しめる,3
ダウン,3
打,3
忍者,3
霧,3
術,3
天守閣,3
大田原,3
なり,3
風向き,3
積乱雲,3
遭う,3
ろ,3
郁夫,3
展覧,3
功績,3
父,3
落花生,3
つ,3
に関して,3
暴徒,3
隔たり,3
スウェーデン,3
王冠,3
人組,3
逃走,3
騒ぎ,3
煮る,3
冷凍,3
志向,3
高まり,3
皇位,3
継承,3
世界中,3
強度,3
立てる,3
機運,3
どれ,3
大阪城公園,3
無断,3
悩む,3
三菱地所,3
まれ,3
給付,3
返還,3
成果,3
遅れ,3
宮本,3
課す,3
更衣,3
北國新聞社,3
先輩,3
不服,3
申し立てる,3
半年,3
二度と,3
葛西,3
うつ,3
苦痛,3
根拠,3
世の中,3
腹,3
堺,3
両親,3
裕子,3
枚,3
パッケージ,3
悪天候,3
気流,3
増産,3
融資枠,3
革新,3
診察,3
デンマーク,3
競り合い,3
終盤,3
病理,3
聡,3
銀メダル,3
岸田,3
集会,3
佑,3
対決,3
移設,3
国防総省,3
生物,3
上級,3
キャベツ,3
レタス,3
卸売,3
載せる,3
テント,3
ジャカルタ,3
希,3
喫す,3
こだわる,3
柔道,3
オール,3
技,3
申し立て,3
吉村,3
ボツワナ,3
コールド,3
波佐見,3
ちん,3
ジョン,3
ウン,3
恩,3
身長,3
積み替え,3
芝,3
切り替える,3
ファースト,3
抜本,3
先頭,3
不振,3
下方,3
他社,3
多面,3
碁聖,3
主席,3
公安,3
言論,3
切れる,3
公海,3
船舶,3
戦闘,3
ベスト,3
逆転,3
石炭,3
迷う,3
徳島,3
購入,3
イニング,3
グラム,3
迷路,3
熱い,3
荒井,3
列,3
浄水,3
蛇口,3
相模原,3
コンロ,3
遊び,3
ＮＰＯ,3
最大限,3
データベース,3
地図,3
佐賀,3
医師,3
科,3
暮らせる,3
離散,3
統一,3
那覇空港,3
溝,3
贈賄,3
流通,3
ポスト,3
見返り,3
浩司,3
甲賀,3
剣道,3
松井,3
比嘉,3
エンジン,3
ルーム,3
乗組,3
テヘラン,3
非公式,3
西暦,3
規則,3
環状,3
自営業,3
高官,3
糸口,3
探る,3
深浦,3
制,3
進学,3
民進党,3
グランパス,3
淡路,3
遊佐,3
前々回,3
推薦,3
願い,3
バッティング,3
防府,3
慶応,3
一塁,3
勝ち越し,3
寄居,3
寸断,3
なかなか,3
鳥海山,3
湯,3
成績,3
勝ち越す,3
オリックス,3
阪神,3
デッドボール,3
中日,3
平岡,3
多発,3
ダッカ,3
三和,3
ノー,3
小菅,3
貴重,3
思い出,3
大蔵,3
バット,3
近代,3
保養,3
推計,3
取りまとめる,3
余儀ない,3
診る,3
加入,3
古口,3
角川,3
顕在,3
橋渡し,3
悲惨,3
これら,3
牛房野,3
増進,3
トリオ,3
妹,3
まったく,3
ビーチ,3
のむ,3
営む,3
運休,3
パイオニア,3
車検,3
赤穂,3
法要,3
タンクローリー,3
高架,3
許可,3
ペルシャ,3
蒲原,3
部会,3
時効,3
愛媛大学,3
洗浄,3
大筋,3
西脇,3
同級生,3
参事官,3
暴力団,3
保健所,3
受験生,3
現役,3
遊泳,3
定置網,3
日南学園,3
丸亀,3
城西,3
グルジア,3
補佐,3
遺棄,3
リサイクル,3
扱い,3
キリン,3
アリ,3
和束,2
二戸,2
取りやめ,2
玉,2
工業,2
レフト,2
ライト,2
フェンス,2
暖か,2
北日本,2
吹き降ろす,2
坂井,2
春江,2
輪島,2
五城目,2
東川,2
葵,2
砂浜,2
リラックス,2
専務,2
どんどん,2
青果,2
東山,2
燃え広がる,2
昌子,2
南側,2
散乱,2
海浜,2
正和,2
がく然,2
担保,2
マラソン,2
会話,2
緑,2
奥州,2
パドル,2
うまい,2
下る,2
難易,2
豊前,2
西南,2
かさ,2
コンクリート,2
国籍,2
致死,2
関口,2
杯,2
職場,2
厚い,2
厳粛,2
骨,2
階段,2
レストラン,2
横断,2
歩道,2
飛ぶ,2
アルミ,2
指,2
ベランダ,2
三宅,2
満潮,2
東海岸,2
早稲田大学,2
奥,2
地形,2
富士山,2
山頂,2
美濃加茂,2
田んぼ,2
飼う,2
逃げ出す,2
捕まえる,2
柵,2
目撃,2
カジノ,2
ＩＲ,2
誘致,2
前面,2
無党派,2
充実,2
風物詩,2
迫力,2
内陸,2
いち早い,2
うる,2
難病,2
応用,2
淳,2
荒らす,2
とび職,2
宇都宮,2
無職,2
柏倉,2
徳次,2
預金,2
検事,2
対外,2
再編,2
丸ごと,2
日産自動車,2
ベンチャー,2
トヨタ自動車,2
ベルリン,2
大森,2
一樹,2
ハンガリー,2
高森,2
美結,2
井関,2
エレナ,2
頃,2
お客,2
外側,2
水域,2
寿,2
ショート,2
打ち取る,2
見逃し,2
国富,2
強豪,2
徐々に,2
ちょっとした,2
作れる,2
質,2
防水,2
広之,2
打ち切る,2
たたく,2
寒い,2
次に,2
省エネ,2
もう一度,2
都民,2
フランス語,2
同時,2
聞ける,2
配信,2
カトリック,2
バチカン,2
名付ける,2
言語,2
エール,2
こい,2
落ち込む,2
ダンス,2
節,2
踊る,2
華,2
強引,2
抑え込む,2
比例,2
実権,2
救国,2
サム,2
足る,2
実に,2
重,2
極東,2
代目,2
一座,2
之,2
鶴,2
扇子,2
親,2
演じる,2
感慨深い,2
相反,2
敗訴,2
現実,2
基金,2
諌早,2
演劇,2
上演,2
祖母,2
えぐる,2
崩落,2
室生,2
車道,2
土のう,2
推定,2
漁,2
思いとどまる,2
懲役,2
青山,2
大田,2
限り,2
Ｍ,2
審理,2
涼しげ,2
音色,2
響かせる,2
つるす,2
チリ,2
ン,2
助け合う,2
町長,2
配分,2
行き先,2
積み込む,2
帰省,2
裕二,2
しばらく,2
強いる,2
平屋,2
テープ,2
貼る,2
京阪本線,2
停車,2
編成,2
取り残す,2
天満橋,2
通勤,2
行ける,2
先生,2
焦る,2
音戸,2
明ける,2
見回る,2
先奥,2
側溝,2
埋まる,2
自治,2
祈る,2
ほっと,2
博行,2
精いっぱい,2
立て直す,2
明け,2
混入,2
隙,2
久保木,2
夜勤,2
前倒し,2
沿道,2
抑制,2
両面,2
読み上げる,2
骨子,2
原点,2
地帯,2
Ｊ,2
進行,2
現代,2
夕日,2
コマーシャル,2
音楽家,2
プロデューサー,2
川村,2
ともす,2
才能,2
結集,2
機知,2
人間,2
国宝,2
小説,2
Ｅ,2
曲,2
主演,2
悲劇,2
ゆかり,2
尽力,2
卒業,2
制作,2
作,2
アニメーション,2
ドラえもん,2
ＣＭ,2
白い,2
おもしろい,2
数多い,2
プロデュース,2
練る,2
依る,2
著名,2
鮮やか,2
手前,2
山間,2
かつて,2
雑巾,2
がけ,2
ユニーク,2
もつれる,2
スライディング,2
滑る,2
凶悪,2
東海道新幹線,2
例えば,2
現れる,2
あなた,2
乗務,2
持ち上げる,2
構造,2
取り外せる,2
あくまで,2
まず,2
辺り,2
異変,2
気付く,2
できるだけ,2
いくつ,2
投げつける,2
ひるむ,2
突く,2
足元,2
ブザー,2
非常時,2
実は,2
持てる,2
そこで,2
後援,2
返却,2
隆,2
純,2
大阪学院大,2
猛攻,2
完投,2
打ち込む,2
チャレンジャー,2
追認,2
全長,2
内側,2
きり,2
入り込む,2
材料,2
萩,2
本体,2
締結,2
下敷き,2
買い入れる,2
中尾,2
スプリンクラー,2
まく,2
並み,2
豊丘,2
農園,2
枝,2
早くから,2
選別,2
ルート,2
日本赤十字社,2
口座,2
放置,2
あまりに,2
ブランド,2
損なう,2
ハラスメント,2
ただす,2
申し入れ,2
ＡＢＣ,2
膨大,2
手法,2
ソフトウエア,2
※,2
艦艇,2
詰める,2
格安,2
結びつける,2
彼女ら,2
つまり,2
投入,2
文章,2
軽減,2
検出,2
有害,2
濃度,2
座長,2
換算,2
持ち主,2
聞き取る,2
塞ぐ,2
松阪,2
神社,2
境内,2
ヒノキ,2
美濃田,2
見回り,2
柱,2
建て替え,2
西田,2
広場,2
構成,2
タイプ,2
落ち着く,2
奨,2
解雇,2
永久,2
追放,2
時計,2
紀伊,2
南下,2
出そろう,2
白山,2
折尾,2
南福岡,2
平安,2
戦後,2
久しぶり,2
制す,2
挑む,2
抽選,2
たった,2
引き起こす,2
排除,2
信濃,2
水槽,2
産み落とす,2
通る,2
浄化,2
生後,2
無い,2
空,2
ぬかるむ,2
ジェット,2
スター,2
国内線,2
不公平,2
取り消し,2
龍,2
視,2
行員,2
らい,2
祝日,2
豆,2
受け継ぐ,2
仲,2
表情,2
尋ねる,2
くだ,2
さる,2
過ごせる,2
ため池,2
みかん,2
直人,2
賢三,2
教徒,2
掃討,2
虐殺,2
ノルウェー,2
領,2
クルーズ,2
ホッキョクグマ,2
射殺,2
マケドニア共和国,2
北大西洋,2
南南東,2
東北東,2
譲る,2
どんなに,2
返せる,2
正常,2
真摯,2
しんし,2
焦り,2
切実,2
杉並,2
千代田,2
世田谷,2
抱える,2
だらけ,2
ひとり,2
務め,2
あだ名,2
ワニ,2
団結,2
変革,2
スピーチ,2
見積,2
追及,2
公費,2
発注,2
ケア,2
バブル,2
条例,2
緑色,2
塗る,2
生存,2
そのうち,2
出産,2
肌,2
倍率,2
季節,2
新規,2
就業,2
正規,2
推す,2
お目見え,2
内覧,2
宝石,2
始まり,2
圧迫,2
志位,2
退院,2
公務,2
陸前高田,2
語り継ぐ,2
重機,2
シャベル,2
土,2
今治,2
肱川,2
亀田,2
目の当たり,2
重症,2
立ち,2
しびれ,2
保冷,2
剤,2
おかしい,2
取り囲む,2
創建,2
前列,2
左右,2
並べる,2
義,2
なるべく,2
戻す,2
五輪,2
恥じる,2
鎮魂,2
すてき,2
盛り上がり,2
ひと,2
記憶,2
軸,2
大陸,2
兆候,2
版,2
さき,2
ウラン,2
濃縮,2
秘密,2
引き出す,2
茂木,2
多角,2
お好み焼き,2
笑う,2
多摩,2
身元,2
バーナー,2
経路,2
値動き,2
麻衣子,2
鎮火,2
人類,2
島々,2
俳優,2
ひかり,2
移り住む,2
草,2
竹,2
丸太,2
教職員,2
小中学校,2
登校,2
正しい,2
多様,2
多賀,2
犬上川,2
中流,2
出会い,2
部下,2
適正,2
事案,2
立ち向かう,2
八幡浜,2
繰り上げる,2
地方自治体,2
エリア,2
休暇,2
まるで,2
幕府,2
徳川,2
治める,2
藩主,2
漆,2
棒,2
装飾,2
側近,2
所蔵,2
少量,2
福島第二原子力発電所,2
建屋,2
プール,2
立地,2
富岡,2
楢葉,2
震度,2
粉飾,2
多額,2
いらだち,2
合同,2
結成,2
またぐ,2
扱う,2
において,2
同盟,2
在,2
寅,2
先物,2
納付,2
売買,2
減益,2
中西,2
誠,2
残り,2
入団,2
長身,2
テキサス,2
パ・リーグ,2
薄い,2
起用,2
苦戦,2
勇気,2
資する,2
動き出す,2
部局,2
怒鳴りつける,2
思慮,2
釈明,2
名指し,2
叱責,2
格差,2
是正,2
定数,2
歳費,2
痛み,2
年内,2
呼吸,2
余裕,2
引き込む,2
豪,2
市営,2
しだい,2
幼い,2
ヶ所,2
拡散,2
代理,2
不確か,2
及ぼす,2
四国電力,2
電気事業連合会,2
選択肢,2
ありえる,2
縮小,2
シティー,2
クック,2
＋,2
はじめて,2
国防,2
相,2
北方領土,2
冷静,2
わが,2
率直,2
疎通,2
ロ,2
領土,2
供給,2
有罪,2
兄,2
マハティール,2
国益,2
における,2
矛盾,2
公約,2
分断,2
削除,2
真実,2
エージェンシー,2
自家用車,2
マンハッタン,2
ウー,2
リフト,2
重点,2
大人,2
主体,2
一新,2
一生懸命,2
に従い,2
ヤマト,2
子会社,2
見積もる,2
面会,2
宮内庁,2
離宮,2
有料,2
庭園,2
不可能,2
過信,2
矢野東,2
賃金,2
短,2
不妊,2
乏しい,2
向き合う,2
枝野,2
小沢,2
又市,2
板門店,2
朝間,2
徒歩,2
日傘,2
冷たい,2
李,2
かさむ,2
くも膜,2
出血,2
機転,2
惨事,2
ドック,2
受診,2
船橋,2
全焼,2
焼け跡,2
義理,2
飛行機,2
折り返し,2
吉森,2
照夫,2
欠席,2
いつも,2
マツダ,2
不利益,2
藤本,2
哲也,2
常務,2
マッサージ,2
装う,2
渋谷,2
事情,2
誠に,2
梅雨,2
降水,2
郡上,2
青梅,2
川元,2
開閉,2
常磐,2
取手,2
響く,2
試み,2
蒲田,2
愛着,2
録音,2
改札,2
感想,2
確かめる,2
似る,2
言える,2
ちょっと,2
悲しい,2
果敢,2
画質,2
鮮明,2
魅力,2
画面,2
品川,2
上場,2
リーマン,2
ショック,2
断じて,2
掲載,2
回す,2
クリーン,2
不信,2
選考,2
損ねる,2
わけ,2
吹きかける,2
ガイド,2
着る,2
館林,2
松江,2
富士吉田,2
さら,2
激甚,2
撲滅,2
一部始終,2
中継,2
生涯,2
愛称,2
込める,2
Ｐ,2
順,2
損益,2
脅かす,2
画策,2
班,2
鳴り響く,2
魔女,2
狩り,2
好き,2
興味,2
肯定,2
離れ,2
歯止め,2
飯田,2
青木,2
ストックホルム,2
モーターボート,2
くらます,2
白昼,2
聖堂,2
世,2
そのもの,2
ドラマ,2
魚,2
省内,2
過程,2
揺るがす,2
不祥事,2
簡素,2
異論,2
取り仕切れる,2
こぞって,2
ことほぐ,2
祝福,2
円滑,2
超,2
名古屋大学,2
湿度,2
夕食,2
商社,2
にあたって,2
島国,2
秩序,2
領有,2
留意,2
知らせ,2
すみやか,2
大阪城,2
もう少し,2
こんなに,2
タオル,2
涼む,2
嫌,2
窃盗,2
釈放,2
気分,2
久美子,2
果物,2
丸の内,2
販路,2
運送,2
郡山,2
夜明け,2
トウモロコシ,2
売れ行き,2
見せかける,2
受給,2
なり手,2
山積,2
着替える,2
盗,2
撮す,2
区内,2
座る,2
疲労,2
心理,2
負荷,2
雅之,2
お悔やみ,2
節目,2
まさる,2
心的,2
原案,2
納得,2
剛,2
手渡す,2
尊い,2
苦しむ,2
肝,2
銘じる,2
心身,2
痛感,2
徹也,2
外傷,2
持病,2
胃,2
ベッド,2
振るう,2
不詳,2
見守る,2
おとなしい,2
子,2
下着,2
泣く,2
うつぶせる,2
休む,2
こども,2
渡す,2
炎上,2
当日,2
文男,2
株主,2
ファンド,2
陥る,2
盗塁,2
野呂川,2
流入,2
要領,2
たたき台,2
囃子,2
詰めかける,2
人出,2
大濠公園,2
踏む,2
通り抜ける,2
当,2
幼稚園,2
油,2
所長,2
ラリー,2
明日,2
規程,2
ドライブ,2
レコーダー,2
赤坂,2
思わず,2
不明瞭,2
玉川,2
曲がる,2
直射,2
君ヶ浜,2
ずれる,2
短距離,2
山縣,2
桐生,2
チームワーク,2
バトン,2
時折,2
掘り起こし,2
申し合わせる,2
集団,2
可那,2
麻,2
仕掛ける,2
いかす,2
いっぱい,2
苦しい,2
犯罪,2
普天間,2
天然記念物,2
ピーマン,2
大根,2
きゅうり,2
トマト,2
白菜,2
豊作,2
安値,2
クリア,2
ファイル,2
コンビニエンスストア,2
追い出す,2
グッズ,2
進捗,2
頂く,2
岩渕,2
真奈,2
最優秀,2
はかる,2
貫く,2
一段,2
タイト,2
久慈,2
三陸,2
趣旨,2
政令,2
望,2
未,2
山本,2
優,2
ソロ,2
思い切る,2
ぐったり,2
息,2
稲穂,2
竹ざお,2
一斉,2
比,2
見据える,2
突破,2
ずっと,2
最先端,2
働かす,2
言い渡し,2
遅らせる,2
拡充,2
のみ,2
取り組める,2
壊滅,2
隆司,2
総括,2
成し遂げる,2
権限,2
本学,2
低迷,2
創業,2
裕,2
五,2
途絶える,2
連行,2
山東,2
討論,2
同様,2
水産庁,2
横付け,2
恒常,2
表,2
貸し,2
親子,2
基盤,2
積み替える,2
巧妙,2
うそ,2
に従って,2
背丈,2
お菓子,2
進化,2
着こなし,2
自動的,2
ユニ,2
クロ,2
入力,2
アイデア,2
まんが,2
のっとる,2
宍粟,2
ジャイアンツ,2
味方,2
スイカ,2
一気に,2
自然,2
パーク,2
甘い,2
リニューアル,2
立ち寄る,2
天童,2
翌年,2
垂れ下がる,2
恐ろしい,2
競歩,2
汗,2
成分,2
体内,2
測る,2
今村,2
阿蘇,2
伊東,2
国際線,2
ハワイ,2
なかでも,2
スタンド,2
保育園,2
大半,2
日本語,2
声援,2
打ち返す,2
シャトル,2
出だし,2
焼き鳥,2
振り向く,2
火の粉,2
こん,2
おさまる,2
スタッフ,2
五條,2
沈む,2
市原,2
急,2
三島,2
レスキュー,2
パソコン,2
かや,2
助かる,2
内野,2
全治,2
ろっ骨,2
減点,2
富士,2
河口湖,2
西湖,2
浮く,2
心肺,2
原,2
離れ離れ,2
衛生,2
照明,2
落下,2
司令,2
佐,2
主役,2
働きかける,2
和明,2
コンサルタント,2
北広島,2
福田,2
単独,2
分間,2
書道,2
ゆがむ,2
ゆたか,2
前哨,2
由岐子,2
他国,2
近年,2
乱射,2
フロリダ,2
ライフル,2
落選,2
マーク,2
バハマ,2
物価高,2
イスラム教,2
鎮圧,2
避暑,2
長老,2
案件,2
施行,2
ノーベル,2
ひっ迫,2
板橋,2
小谷,2
傷害,2
高松,2
浜松,2
安佐北,2
議題,2
緩む,2
思惑,2
書簡,2
のびる,2
最少,2
小林,2
就職,2
牧師,2
未遂,2
にじむ,2
フジテレビ,2
わざと,2
湾岸,2
分裂,2
無所属,2
民,2
糾合,2
にらむ,2
国政,2
銅,2
要所,2
香川,2
エスパルス,2
Ｆ,2
マリノス,2
求め,2
ひいき,2
人員,2
大蕨,2
県知事,2
各党,2
寄り添う,2
済,2
美,2
二刀流,2
サイド,2
スロー,2
ナンバー,2
導く,2
切,2
たく磨,2
競り,2
互いに,2
けれど,2
トンネル,2
ＩＣ,2
晴らす,2
湯沢,2
沢,2
ノ,2
荒川,2
夜市,2
軽井沢,2
悟,2
低め,2
全部,2
鬼首,2
升形川,2
プラザ,2
わくわく,2
明倫,2
山屋,2
セミナー,2
ハウス,2
日本ハム,2
中村,2
スリー,2
ラン,2
援護,2
ふんばる,2
ヤクルト,2
小野,2
小国川,2
ひく,2
駐在,2
破損,2
政務,2
精鋭,2
敵,2
示唆,2
リズム,2
愛らしい,2
夫婦,2
東北電力,2
足場,2
インディ,2
アンズ,2
死没,2
納める,2
戦力,2
見いだす,2
一実,2
台頭,2
協調,2
余震,2
倒木,2
ＧＤＰ,2
持ち直す,2
転じる,2
立方メートル,2
床下,2
那智勝浦,2
習慣,2
組合,2
退職,2
圭,2
メルボルン,2
ビクトリー,2
岩清水,2
名高,2
津谷,2
松坂,2
沢地,2
蔵岡,2
堅持,2
清川,2
堤,2
興,2
千河原,2
榎,2
跡,2
槇島,2
入船,2
流域,2
のぞく,2
鶴子,2
寺内,2
宮沢,2
常盤,2
深谷,2
花園,2
日本一,2
ワン,2
浪曲,2
一世,2
ふうび,2
肝硬変,2
治,2
後世,2
無作為,2
良い,2
活性,2
ジレンマ,2
係留,2
桟橋,2
船頭,2
島内,2
安達,2
揺れ,2
明かす,2
地中,2
刀剣,2
立ち会い,2
掘り起こす,2
先日,2
パトカー,2
地盤,2
ダイビング,2
ショップ,2
スロープ,2
最小限,2
父島,2
ショーウインドー,2
北照,2
吾,2
絞る,2
攻略,2
始発,2
森谷,2
燃費,2
新原,2
鎌倉,2
中西部,2
移住,2
切り離す,2
撤退,2
オウム真理教,2
囚,2
刑,2
存続,2
貴金属,2
外貨,2
筑波大学,2
インターンシップ,2
事務次官,2
所管,2
古文書,2
腐敗,2
箱,2
このほど,2
了承,2
上京,2
府警,2
察,2
本館,2
耐震,2
悼む,2
財務局,2
上向き,2
万全,2
期す,2
搬入,2
分別,2
焼却,2
あいまい,2
要件,2
満たす,2
智弁和歌山,2
全然,2
タイガース,2
臼井,2
正彦,2
満点,2
この間,2
お披露目,2
醸造,2
引き揚げる,2
経常,2
収支,2
条,2
マスク,2
宛てる,2
侵攻,2
敵対心,2
あらわ,2
金谷,2
久里浜,2
森林,2
埋める,2
次ぐ,2
格付け,2
マスターズ,2
ジュネーブ,2
軍縮,2
睡眠薬,2
混ぜる,2
絞める,2
弥谷,2
鷹,2
惠美,2
明暗,2
サントリー,2
少子化,2
イラク,2
過激,2
ドコモ,1
片瀬,1
民家,1
打ち上げ花火,1
金田一温泉,1
滝沢,1
トモエ,1
煙火,1
導火,1
火薬,1
直撃,1
晴れ,1
南伊豆,1
片瀬海岸,1
縦,1
抜け落ちる,1
打撲,1
すり,1
食材,1
アンチ,1
手順,1
薬物,1
摂取,1
模,1
レーン,1
別室,1
尿,1
お茶,1
採る,1
容器,1
かしら,1
浅川,1
伸,1
西御門,1
清水寺,1
本堂,1
密集,1
積もる,1
救護,1
北九州,1
添田,1
耐える,1
土木,1
海抜,1
湯河原,1
福浦,1
押し倒す,1
ガードレール,1
公社,1
草加,1
長栄,1
嘉明,1
東本郷,1
市道,1
大竹,1
店員,1
遺留,1
割り出す,1
景子,1
中華,1
料理,1
串焼き,1
ジョッキ,1
バス停,1
足取り,1
赴任,1
穏やか,1
人望,1
都府県,1
歩行,1
香取,1
ぶつける,1
わたる,1
右腕,1
岡崎,1
ミニ,1
電柱,1
小屋,1
押さえる,1
左手,1
小指,1
手首,1
板,1
東大阪,1
リフォーム,1
桜井,1
陥没,1
配達,1
横転,1
相模,1
伊豆半島,1
柴山,1
知也,1
沿う,1
不利,1
合,1
身動き,1
西方,1
義典,1
鳥,1
イノシシ,1
追い払う,1
蜂屋,1
ダチョウ,1
体重,1
跳ぶ,1
爪,1
いかつい,1
統合,1
論戦,1
衰退,1
子育て,1
土曜日,1
日曜日,1
テロ,1
機動,1
天気,1
連れる,1
該当,1
震える,1
附属,1
良輔,1
ヒト,1
移植,1
網膜,1
心臓,1
平柳,1
押し入る,1
同居,1
面識,1
新興,1
街なか,1
残,1
パナソニック,1
実用,1
待ち時間,1
ブルガリア,1
登竜門,1
菊陽,1
リスボン,1
ブダペスト,1
バレリーナ,1
森下,1
洋子,1
ただただ,1
こなせる,1
最年少,1
憧れる,1
隠せる,1
大正島,1
パ,1
ドレス,1
サンディエゴ,1
追い上げる,1
切り抜ける,1
サード,1
西北西,1
コネティカット,1
シュート,1
奪える,1
折り返す,1
澤,1
優衣,1
香,1
強烈,1
ミドルシュート,1
クロスバー,1
押す,1
攻め込む,1
自陣,1
回し,1
増,1
理花,1
ヘディングシュート,1
追いつける,1
しとめる,1
共催,1
イーグル,1
伸ばせる,1
ティーショット,1
パット,1
打てる,1
宮里,1
美香,1
ティー,1
パー,1
今季,1
寿命,1
節約,1
オーディオ,1
インストール,1
母語,1
盆踊り,1
創作,1
ステージ,1
炭坑,1
見まね,1
動かす,1
阪上,1
夕,1
肉薄,1
反逆,1
やり方,1
ＡＰ通信,1
圧倒的,1
無意味,1
行進,1
抵抗,1
アップ,1
競り合う,1
不備,1
数える,1
失望,1
入国,1
矢掛,1
真夏,1
ソビエト,1
一門,1
蔦,1
助,1
女形,1
化粧,1
着物,1
着付け,1
藤,1
亀,1
滑らか,1
小鹿野,1
敵討ち,1
兄弟,1
わく,1
鑑賞,1
すばらしい,1
こうして,1
反す,1
高裁,1
入植,1
舞台劇,1
梳る,1
かす,1
八月,1
創成,1
オリジナル,1
脚本,1
食糧難,1
エビ,1
天ぷら,1
隠す,1
柱時計,1
刻々,1
くし,1
とかす,1
せん光,1
のせる,1
涙ぐむ,1
山あい,1
大野,1
口大野,1
停車場,1
宇陀川,1
う回,1
毎月,1
遡る,1
す,1
じ,1
育つ,1
孝,1
漁師,1
忠司,1
ほう助,1
守,1
裁判官,1
刑事,1
軽視,1
遂げる,1
ＴＯＫＹＯ,1
ディレクター,1
窪田,1
哲学,1
涼,1
飾る,1
親しむ,1
工芸,1
備前焼,1
つり,1
下げる,1
揺れる,1
取り合う,1
力づける,1
幸一郎,1
ゴミ,1
泊める,1
徳治,1
言語道断,1
橋本,1
正裕,1
課する,1
使命,1
利根川,1
通路,1
害,1
スポークスマン,1
日大三,1
スコップ,1
過ぎ去る,1
見なす,1
粘着,1
割る,1
細工,1
岸辺,1
萱島,1
急行,1
車庫,1
鴨東線,1
中之島,1
門真,1
西三荘,1
駅員,1
レポート,1
空調,1
とまる,1
きく,1
アナウンス,1
積み上げる,1
水路,1
一夜,1
突発,1
尻,1
なんとか,1
グアム,1
予告,1
函館,1
市ヶ谷,1
く,1
胎内,1
米子,1
由利,1
本荘,1
佐呂間,1
女,1
大口,1
惣,1
藏,1
信雄,1
愛弓,1
検察庁,1
ナース,1
緑化,1
延焼,1
頼る,1
逆流,1
見識,1
適任,1
数々,1
万作,1
芸能,1
技法,1
あぐり,1
ヒロイン,1
夫役,1
テレ,1
あそぶ,1
言い回し,1
こす,1
フィギュア,1
スケート,1
羽生,1
結,1
弦,1
フリー,1
プログラム,1
安倍晴明,1
アテネ,1
古代,1
劇場,1
蜷川,1
幸雄,1
オイディプス,1
大役,1
光栄,1
引き締まる,1
所存,1
美術,1
入社,1
デビュー,1
ＣＧ,1
ビジュアル,1
シリーズ,1
特攻隊,1
永遠,1
Ｙ,1
犬,1
喜ばす,1
地域おこし,1
翼,1
マリオ,1
マンガ,1
キャラクター,1
斬新,1
菅野,1
振付,1
君,1
栗栖,1
良,1
芸術,1
振り付け,1
浅利,1
慶太,1
使い,1
古来,1
打楽器,1
武術,1
ショー,1
魅了,1
限界,1
引き立つ,1
相乗,1
草地,1
北側,1
端,1
回線,1
古い,1
廊下,1
一直線,1
駆け抜ける,1
四つんばい,1
余る,1
疲れる,1
走れる,1
行楽,1
真っ盛り,1
遠出,1
そんな,1
遭遇,1
…,1
止め,1
逃げ場,1
無差別,1
防げる,1
万一,1
小倉,1
要一郎,1
凶行,1
使い方,1
覚える,1
意外,1
掛け,1
もともと,1
着脱,1
折りたたみ,1
車いす,1
取り外し,1
幸浩,1
いたずら,1
私鉄,1
型式,1
心構え,1
乗降,1
非常口,1
さりげ,1
まじまじ,1
ふり,1
イヤ,1
ホン,1
とたん,1
着ける,1
寝入る,1
アドバイス,1
通り魔,1
捕まる,1
しばしば,1
体格,1
持ち物,1
暴漢,1
カバン,1
材質,1
硬い,1
革,1
布製,1
単行,1
厚手,1
雑誌,1
貫通,1
財布,1
小銭,1
弁当,1
一瞬,1
上着,1
コート,1
振りかざす,1
動作,1
距離,1
つくれる,1
棚,1
網棚,1
おすすめ,1
とっさ,1
理屈,1
移せる,1
日頃,1
もし,1
叫ぶ,1
いわば,1
切り替え,1
昨今,1
もはや,1
ひと事,1
済ます,1
過言,1
いかが,1
預かる,1
付,1
京都教育大学,1
事務職,1
つい,1
遊興,1
綱紀,1
粛正,1
昌平,1
詰め寄る,1
北大阪,1
根尾,1
昂,1
瑞貴,1
巡,1
恭,1
柿木,1
卓也,1
池,1
淡水,1
水源,1
有明海,1
塩害,1
ロッキード,1
マーチン,1
飛躍,1
精査,1
指値,1
神経質,1
照,1
傷む,1
箱詰め,1
作業場,1
っぱなし,1
かわいそう,1
利秋,1
あかつき,1
すれる,1
家電,1
赤十字,1
クレジットカード,1
引き落とす,1
ジャスパー,1
チャン,1
日赤,1
ノウハウ,1
順一,1
丸,1
充,1
わい小,1
過酷,1
形骸,1
欠如,1
辻,1
富士通,1
東京大学,1
キャンパス,1
秒間,1
京,1
主流,1
特,1
がん,1
中小,1
船体,1
一体化,1
造船,1
進水,1
ブロック,1
海軍,1
ローマ,1
数字,1
会員,1
コンビニ,1
囲い込み,1
発売,1
税金,1
果たして,1
書記,1
無知,1
悪意,1
偏見,1
満ちる,1
尊厳,1
中身,1
潮流,1
時代遅れ,1
無視,1
水銀,1
底,1
換気,1
ポンプ,1
指針,1
正座,1
接する,1
生鮮,1
スケジュール,1
にかけ,1
運搬,1
跡地,1
柳山津興,1
スレート,1
どく,1
張り替える,1
後藤,1
正樹,1
主幹,1
敏い,1
太神,1
生える,1
幹,1
有形,1
大仏,1
社殿,1
氏子,1
憲,1
伊勢湾,1
安登,1
多,1
くいる,1
囲う,1
図面,1
初旬,1
三原,1
沼田西,1
浜,1
営繕,1
的場,1
弘明,1
７つ,1
志和,1
ぎりぎり,1
けれども,1
大宮,1
主任,1
まだまだ,1
役職,1
もしくは,1
解任,1
たどる,1
半島,1
本州,1
くじ,1
明石,1
奈良大,1
付属,1
龍谷大,1
東海大,1
北埼玉,1
花咲徳栄高校,1
組み合わせ,1
忠男,1
故意,1
バッシング,1
もちろん,1
一生,1
面倒,1
総力,1
潰し,1
隠蔽,1
事後,1
看過,1
がたい,1
断定,1
持ち合わせる,1
傷つける,1
柏原,1
へその緒,1
固形,1
インド洋,1
探査,1
手動,1
欠陥,1
結論づける,1
名称,1
一蹴,1
インターネットバンキング,1
あきる野,1
出張所,1
毎週,1
水曜日,1
土日,1
年末年始,1
当座,1
支店,1
天皇,1
皇后,1
陛下,1
静養,1
東宮御所,1
雅子,1
気さく,1
読谷,1
松和,1
優しい,1
とりまとめる,1
樹木,1
林野,1
ぶどう,1
全容,1
炭素,1
立国,1
福岡大学,1
浅野,1
名誉,1
どういう,1
強硬,1
共和党,1
きっ抗,1
提唱,1
武装,1
次長,1
選出,1
打開,1
そっと,1
氷河,1
ユーゴスラビア,1
賛否,1
先行,1
コード,1
滴滴,1
必死,1
国交,1
提示,1
禁物,1
つけ込む,1
欲,1
祐,1
木子,1
年月,1
すっかり,1
一度,1
理不尽,1
それなのに,1
帰れる,1
衝動,1
駆る,1
心情,1
必ず,1
やってくる,1
あの,1
豊島,1
江戸川,1
目黒,1
ベビーシッター,1
一過,1
立間,1
運び込む,1
えひめ,1
しよう,1
締め切る,1
内外,1
うかがえる,1
かじ取り,1
ゆだねる,1
厳格,1
闘争,1
とりざたす,1
実利,1
ネルソン,1
才,1
トルドー,1
なぞらえる,1
密接,1
沈静,1
増額,1
多大,1
なかには,1
領収,1
砂防,1
見舞,1
技能,1
修得,1
助言,1
講習,1
立案,1
関根,1
敏伸,1
素行,1
親戚,1
受け手,1
整理,1
足止め,1
途上,1
関わり,1
のべる,1
感染,1
抗体,1
微生物,1
免疫,1
先進,1
粉ミルク,1
鉱工業,1
堅調,1
介護,1
慢性,1
パート,1
アルバイト,1
自発,1
集約,1
仮に,1
体感,1
は虫類,1
白,1
剛史,1
館長,1
カット,1
平方メートル,1
カラフル,1
かわいい,1
年中,1
無休,1
東南東,1
療養,1
高田,1
矢印,1
鉄柱,1
ボルト,1
クレーン,1
降ろす,1
定雄,1
寂しい,1
手押し,1
玉島,1
職業能力開発大学校,1
事項,1
たんす,1
創平,1
本当,1
佳奈,1
軽症,1
乳幼児,1
のど,1
渇く,1
めまい,1
くらむ,1
手当,1
受け答え,1
けいれん,1
千手観音,1
坐像,1
安置,1
修復,1
後期,1
近づける,1
四天王,1
観音,1
につき,1
両端,1
風神,1
雷神,1
ばらばら,1
楽器,1
杉谷,1
門主,1
換え,1
落ち着き,1
拝む,1
頂ける,1
能,1
シンプル,1
ならでは,1
発する,1
残せる,1
面白い,1
委,1
中井,1
いよいよ,1
プランニング,1
絡む,1
制約,1
多少,1
島根,1
福知山,1
湧別,1
火星,1
平素,1
事柄,1
性質,1
先般,1
とおり,1
コミットメント,1
新設,1
公聴,1
環太平洋,1
パートナーシップ,1
視野,1
まみれる,1
廃業,1
憩い,1
たわし,1
洗い落とす,1
待ち望む,1
石橋,1
雅晴,1
大手町,1
断熱,1
材,1
ウレタン,1
出火,1
初期,1
売り買い,1
内堀,1
受け皿,1
ＩＯＣ,1
結衣,1
石田,1
豊隆,1
馬越,1
登美子,1
田窪,1
マリヤ,1
プライバシー,1
オレゴン,1
立ちこめる,1
砂漠,1
旧石器時代,1
黒潮,1
与那国,1
いかだ,1
こぐ,1
潮,1
断念,1
与那国島,1
スギ,1
削る,1
プロジェクト,1
石器,1
ふん,1
大工,1
手ほどき,1
おの,1
ふるって,1
器用,1
はぎ取る,1
ロマン,1
海部,1
陽介,1
いろんな,1
試す,1
祖先,1
延ばす,1
心強い,1
契機,1
公立,1
担任,1
共感,1
藤瀬,1
釣り,1
彦根,1
岩場,1
管理庁,1
コーリー,1
昇進,1
ロング,1
憂慮,1
上部,1
立ち去る,1
はっきり,1
侮辱,1
許せる,1
旭川,1
補う,1
藤岡,1
一家,1
太田,1
アスレチック,1
スーパースター,1
さえ,1
華麗,1
さばき,1
茶色い,1
蹴る,1
翻弄,1
尻尾,1
追いかける,1
さすが,1
王者,1
ハンド,1
アルゼンチン,1
トーナメント,1
憂さ晴らし,1
発心,1
編む,1
ひのき,1
はる,1
塗り,1
担ぐ,1
最上級,1
施す,1
鑑定,1
寛永,1
のち,1
酒井,1
忠勝,1
芝田,1
寿朗,1
満期,1
買い戻す,1
配管,1
循環,1
ミリリットル,1
買い,1
作動,1
精密,1
マスター,1
トラスト,1
被る,1
最善,1
融和,1
論評,1
連結,1
局面,1
眼鏡,1
優先,1
唱える,1
皮肉る,1
揺さぶる,1
もとづく,1
済ませる,1
小型車,1
いまだ,1
事例,1
荒浜,1
道のり,1
険しい,1
レッド,1
ソックス,1
所沢,1
畜産,1
牛,1
カウボーイ,1
ハット,1
一員,1
年俸,1
ほんろう,1
突き放す,1
危なげない,1
すなわち,1
サンパウロ,1
呼び捨て,1
ＪＴＢ,1
ペーパー,1
レス,1
給与,1
伏見,1
伏見桃山,1
運動公園,1
過,1
大曲,1
良子,1
間取り,1
最長,1
無償,1
プレハブ,1
申し込める,1
お隣,1
家賃,1
間借り,1
つかさ,1
サイクル,1
上期,1
増殖,1
もんじゅ,1
岡,1
まずい,1
長崎大学,1
達治,1
郎,1
コミット,1
満杯,1
むつ,1
まちまち,1
関西電力,1
九州電力,1
勝野,1
哲,1
電事連,1
ずれ,1
マイナス,1
上下,1
体力,1
出口,1
草原,1
黒い,1
増収,1
増益,1
ティム,1
増税,1
押し下げる,1
組み立てる,1
枕崎,1
東方,1
純粋,1
軍備,1
見受ける,1
ポジティブ,1
自己,1
発揮,1
決裂,1
グローバル,1
払拭,1
ふっしょく,1
主権,1
渡り初め,1
象徴,1
遮断,1
奨励,1
妨げる,1
在任,1
損失,1
職務,1
怠慢,1
転々,1
民政,1
二分,1
クアラルンプール,1
ガ,1
セミ,1
対極,1
内相,1
真意,1
差し止め,1
院内,1
さらす,1
探知,1
白人,1
至上,1
植民,1
閲覧,1
背後,1
検知,1
空車,1
題す,1
性急,1
大都市,1
先限,1
付き,1
トップダウン,1
ちゃんと,1
まわす,1
断腸,1
ひとつひとつ,1
模範,1
参る,1
宅配,1
さかのぼる,1
見学,1
潘,1
抱く,1
訪日,1
皇族,1
別荘,1
造営,1
回遊,1
傑作,1
洋史,1
梅河,1
団地,1
斜面,1
時速,1
谷,1
設計,1
低調,1
目配り,1
出,1
チーフ,1
エコノミスト,1
減速,1
打つ手,1
追い詰める,1
背ける,1
同意,1
踏みにじる,1
弁護,1
新里,1
不誠実,1
提訴,1
党派,1
共闘,1
握手,1
停戦,1
懸案,1
一朝一夕,1
常に,1
春日部,1
カン,1
ウォン,1
江原,1
洪川,1
慶,1
尚,1
北道,1
洛,1
淵,1
引き下げ,1
当分,1
砺,1
岐阜乗合自動車,1
自覚,1
高野台,1
秀朗,1
トメ,1
母,1
軍民,1
共用,1
岩国錦帯橋,1
広島空港,1
築城,1
恥ずかしい,1
辞める,1
主管,1
揺らぐ,1
成り立つ,1
勝ち進む,1
ピリピリ,1
引き締め,1
交易,1
美容,1
サロン,1
届,1
水蒸気,1
馬路,1
魚梁瀬,1
ひるがの,1
日照,1
章,1
顕著,1
メカニズム,1
亀有,1
各駅,1
誘発,1
備え付ける,1
支社,1
大場,1
貴広,1
高田馬場,1
鉄腕,1
アトム,1
行進曲,1
選曲,1
雑踏,1
味気,1
金町,1
出会う,1
きのう,1
計測,1
わざわざ,1
出向く,1
大して,1
挟む,1
なんとも,1
総じて,1
右足,1
痛める,1
強打,1
封じる,1
ハイビジョン,1
はるか,1
スクリーン,1
コンサート,1
近,1
インチ,1
埋め込む,1
臨場,1
音響,1
内蔵,1
アンテナ,1
ブースター,1
業種,1
押し上げる,1
月額,1
年収,1
ベース,1
賃上げ,1
安易,1
国体,1
加点,1
多寡,1
吹聴,1
ジェスチャー,1
ニュアンス,1
騒然,1
そんたく,1
怒る,1
どなる,1
機嫌,1
微妙,1
廃れる,1
上層,1
刷新,1
忍法,1
称す,1
小高い,1
黒装束,1
背負う,1
出迎える,1
噴霧,1
景観,1
考案,1
気持ちよい,1
山道,1
惇,1
弘,1
遠い,1
こめる,1
お迎え,1
月曜日,1
火曜日,1
電波,1
雲,1
卵,1
半日,1
他人,1
しつこい,1
つきまとう,1
傷つく,1
絵画,1
コレクション,1
旅,1
画家,1
廉,1
足跡,1
周年,1
さぞ,1
喜ぶ,1
水彩,1
画,1
スケッチブック,1
美術館,1
壁画,1
甘み,1
さや,1
白む,1
がかる,1
贈答,1
アルファベット,1
並び,1
用いる,1
ＰＲ,1
ハイテク,1
慣行,1
台数,1
車種,1
割安,1
納車,1
増やせる,1
転用,1
送電,1
ハラ,1
レ,1
ふさぐ,1
放つ,1
銃声,1
兵士,1
につれて,1
広がり,1
干渉,1
汚す,1
陣営,1
共謀,1
でっちあげ,1
実社会,1
達夫,1
客員,1
めったに,1
合わさる,1
幹雄,1
ガラスケース,1
湖,1
飛び乗る,1
国王,1
カール,1
王妃,1
高価,1
真珠,1
飾り,1
スパイ,1
ジェームズ,1
ボンド,1
みそ,1
さば,1
小売,1
国産,1
手間,1
うける,1
学術,1
整合,1
専従,1
訓示,1
祝宴,1
饗宴,1
儀,1
代替わり,1
国事,1
政教,1
分離,1
抵触,1
式次第,1
琉球大学,1
ドロップ,1
ゾンデ,1
坪,1
和久,1
リアルタイム,1
合間,1
社債,1
地中海,1
普遍,1
価値,1
直面,1
諸,1
救出,1
ブルー,1
リボン,1
バッジ,1
胸元,1
謝意,1
埋め立て,1
結び,1
つき,1
順守,1
波風,1
即時,1
ポンド,1
インフレ,1
出回る,1
お金,1
量的,1
国公立,1
消防署,1
川勝,1
晴子,1
多湿,1
不慣れ,1
多言,1
かき氷,1
売店,1
氏原,1
随,1
景,1
喚起,1
反面,1
死ぬ,1
ものすごい,1
カラ,1
っと,1
ぬれる,1
効く,1
とめる,1
走り出す,1
取り押さえる,1
楽,1
名所,1
経口,1
補,1
せっかく,1
特有,1
細か,1
行き届く,1
新鮮,1
入れ,1
比較的,1
皮,1
むく,1
乗り場,1
荷,1
オフィス,1
直売,1
成,1
バックアップ,1
校外,1
月間,1
上麻生,1
常勤,1
借りる,1
任期,1
種まき,1
芽,1
咲く,1
目線,1
がんばる,1
受動,1
喫煙,1
成功,1
直下,1
新日鉄,1
住金,1
勝弘,1
代える,1
税収,1
とどめる,1
おおかた,1
盗る,1
略式,1
小松,1
洋平,1
蓄積,1
睡眠,1
推察,1
一区切り,1
当社,1
逝去,1
冥福,1
お祈り,1
むだ,1
うたう,1
互い,1
仲間はずれ,1
悪口,1
思春,1
推測,1
守れる,1
ダメージ,1
記述,1
遺書,1
来世,1
送れる,1
おやすみ,1
武司,1
ささい,1
思いやり,1
内臓,1
福本,1
不整脈,1
暴力,1
見当,1
おはよう,1
患う,1
教委,1
かぜ,1
打ち明ける,1
手紙,1
軒並み,1
波及,1
伊,1
原木,1
かんきつ類,1
果樹,1
替え,1
組める,1
パイロット,1
容体,1
ブラックボックス,1
回収,1
機長,1
下降,1
下りる,1
バースト,1
地表,1
放射状,1
向かい風,1
横風,1
追い風,1
失速,1
傾く,1
期日,1
みずほ,1
三井住友銀行,1
三井,1
住友信託銀行,1
筆頭,1
債務,1
下期,1
中長期,1
いかに,1
隆幸,1
横浜スタジアム,1
吉川,1
光夫,1
続行,1
戦列,1
満水,1
放水,1
延べ,1
調節,1
知恵,1
武者,1
絵,1
かたどる,1
山車,1
呼び物,1
勇壮,1
練り歩く,1
衣装,1
笛,1
太鼓,1
独特,1
掛け声,1
飛び跳ねる,1
江,1
苗,1
踏み倒す,1
種,1
しぼる,1
尾崎,1
孝行,1
取り返す,1
我慢,1
スタミナ,1
誉,1
博,1
併設,1
倫理,1
出没,1
日高,1
取り付ける,1
転がる,1
俊幸,1
びっくり,1
厳正,1
悲しむ,1
差別,1
忠太,1
解剖,1
髪の毛,1
下痢,1
肺炎,1
臓器,1
標本,1
顕微鏡,1
医,1
田代,1
車掌,1
運輸,1
英昭,1
亮太,1
多田,1
修平,1
祥,1
秀,1
ケンブリッジ,1
飛鳥,1
強み,1
アンダーハンド,1
各自,1
坂道,1
ダッシュ,1
みっちり,1
棚橋,1
割り当てる,1
レシーブ,1
トラックメーカー,1
いすゞ自動車,1
ディーゼルエンジン,1
トヨタ,1
いすゞ,1
城川,1
遊子,1
南平,1
遠山,1
清彦,1
絶滅,1
危ぶむ,1
相手取る,1
名護,1
辺野古,1
サンフランシスコ,1
ピーター,1
ガルビン,1
ほうれんそう,1
ねぎ,1
にんじん,1
さとい,1
じゃがいも,1
たまねぎ,1
農相,1
やく,1
べつ,1
ジャガイモ,1
タマネギ,1
原価,1
土産,1
じゃ,1
ぐんぐん,1
桑名,1
府中,1
三次,1
習志野,1
秋津,1
南アフリカ,1
懸命,1
急きょ,1
氷水,1
噴出,1
正芳,1
輝く,1
久美,1
順当,1
紗,1
宇津木,1
瑠美,1
都合,1
底上げ,1
上積み,1
チャレンジ,1
一二三,1
延岡,1
アゼルバイジャン,1
稽古,1
クロアチア,1
黒星,1
組み,1
乱取り,1
康生,1
決まり,1
琢,1
ヘッドコーチ,1
沿線,1
りく,1
車窓,1
三陸海岸,1
冨手,1
スポット,1
最下位,1
役立てる,1
一挙,1
引き締める,1
中尾郷,1
佐世保,1
黄金,1
五穀豊じょう,1
無形,1
民俗,1
明かり,1
揺らめく,1
差し,1
絶妙,1
何より,1
観覧席,1
ワイヤー,1
バスケットボール,1
江島,1
慎,1
ドリブル,1
昨,1
河,1
オファー,1
フィジカル,1
．,1
到来,1
教材,1
太平洋戦争,1
朴,1
上告,1
長期間,1
最高裁,1
保守,1
れき,1
鵜住居,1
杉,1
天然,1
人工芝,1
ハイブリッド,1
耐久,1
正木,1
鐵,1
神戸製鋼,1
歌手,1
平原,1
綾香,1
共演,1
リチウム,1
イオン,1
シフト,1
吉兵衛,1
冒頭,1
父母,1
モニタリング,1
一丸,1
勝久,1
長女,1
在庫,1
囲碁,1
前人未到,1
棋士,1
家元,1
優勢,1
投了,1
中押し,1
対局,1
日本棋院,1
伊田,1
篤史,1
八,1
最短,1
碁,1
運,1
ボイス,1
オブ,1
文広,1
援助,1
ばらまき,1
山荘,1
軟禁,1
締めつけ,1
超過,1
あたら,1
め,1
僕,1
たまに,1
どっち,1
深夜,1
国旗,1
ハディ,1
港湾,1
奪還,1
紅海,1
ロイター通信,1
魚市場,1
テレビ局,1
標的,1
就労,1
ビザ,1
発給,1
楽観,1
貸す,1
ホール,1
財務,1
打ち出せる,1
由紀,1
彩花,1
小春,1
志穂,1
しかける,1
持ち前,1
栂野,1
悦子,1
植野,1
恵美子,1
密輸入,1
上半期,1
筋,1
出力,1
メガワット,1
ベリーズ,1
荷揚げ,1
介在,1
運搬船,1
積載,1
ベトナム,1
貨物,1
入港,1
武器,1
リビア,1
那覇,1
まさに,1
積み重ねる,1
思い描く,1
霊場,1
慎太郎,1
ダニエル,1
ホセ,1
ほうき,1
掃き出す,1
ぞう,1
きん,1
昌一,1
好み,1
服,1
薦める,1
衣料,1
チェーン,1
出張,1
アウトドア,1
キーワード,1
性別,1
履歴,1
タッチ,1
ページ,1
真哉,1
お客様,1
最適,1
レンタル,1
お薦め,1
隆一,1
やなせ,1
たかし,1
高崎,1
宣誓,1
ペン,1
一同,1
ユーモア,1
正々堂々,1
出題,1
合図,1
下絵,1
暉,1
仕上げる,1
勝ち残る,1
真庭,1
久世,1
フェニックス,1
飼育,1
能美,1
いし,1
わ,1
早,1
食い,1
メス,1
参戦,1
好物,1
那須,1
ぶつ,1
王国,1
シャボテン,1
バイオ,1
名産,1
餌,1
旬,1
浪江,1
当地,1
グルメ,1
なみ,1
え,1
焼,1
買い求める,1
木材,1
ウォーキング,1
生まれ,1
はな,1
のく,1
広大,1
アール,1
干る,1
布,1
週末,1
かきわける,1
走り回る,1
みたい,1
入場,1
貸し切り,1
談,1
飛び降りる,1
薄暗い,1
助け,1
腕,1
皮膚,1
ただれる,1
恐怖,1
言い表せる,1
広,1
宙,1
酷暑,1
工夫,1
正明,1
心拍,1
度合い,1
血液,1
乳酸,1
それら,1
慣らす,1
陸連,1
日陰,1
かき出す,1
畳,1
坂町,1
井出,1
順二,1
受け取り,1
香織,1
義援金,1
平穏,1
増便,1
便数,1
香美,1
香住,1
木陰,1
けさ,1
整列,1
合唱,1
竹中,1
雅彦,1
飲める,1
理学,1
療法,1
細かい,1
アルプス,1
霧吹き,1
器具,1
貸し出す,1
きちんと,1
抜け穴,1
発す,1
確固たる,1
歩み,1
長らく,1
水質,1
たらい,1
コップ,1
森口,1
君代,1
園長,1
ひねる,1
抜群,1
ついていける,1
熱す,1
商店,1
阿波,1
背,1
ぐらい,1
火柱,1
背中,1
けがす,1
誠意,1
決心,1
確固,1
不動,1
善意,1
むしろ,1
城東,1
学童,1
川遊び,1
ミッション,1
語りかける,1
ロボット,1
克服,1
フライト,1
社団,1
搬出,1
ひと目,1
クリック,1
詳細,1
雅宏,1
検索,1
畑山,1
満則,1
見やすい,1
一也,1
ヘッド,1
挫傷,1
ゴールデン,1
グラブ,1
平石,1
洋介,1
痛い,1
グラフ,1
ぜひ,1
留学,1
皮肉,1
引用,1
広める,1
湖畔,1
岸,1
用地,1
空き家,1
心がける,1
景勝,1
亡命,1
送還,1
実務,1
きめ細かい,1
増員,1
ニーズ,1
点検,1
前方,1
胴体,1
半球,1
浦田,1
レッテル,1
わいきょく,1
和やか,1
口出し,1
持ちかける,1
癒着,1
真未,1
令奈,1
遥,1
交える,1
大久保,1
パフォーマンス,1
吐き気,1
土山,1
溝口,1
ＪＲ九州,1
保線,1
桂川,1
福岡空港,1
山田,1
恵里,1
毎回,1
星稜,1
秀喜,1
始球,1
擁護,1
ロビー,1
バージニア,1
恥,1
こそ,1
半ば,1
メジャー,1
真美子,1
アンダーパー,1
絵里,1
洲崎,1
Ｈ,1
巡視,1
高騰,1
宗教,1
百,1
ハメネイ,1
頂点,1
出方,1
中国共産党,1
河北,1
新華社通信,1
陳,1
座談,1
動静,1
選任,1
様式,1
づらい,1
生年月日,1
ケンブリッジ大学,1
授与,1
出来事,1
有名,1
滞る,1
東坂下,1
川越,1
字,1
交差点,1
直進,1
三入,1
土浦,1
水戸,1
恒例,1
集い,1
井原,1
矢野,1
一堂,1
会す,1
歩み寄る,1
あてる,1
ステップ,1
退席,1
真正面,1
弘前,1
岳,1
青,1
略称,1
青山学院女子短期大学,1
アンドリュー,1
アンカラ,1
反する,1
無礼,1
冷え込む,1
リラ,1
エル,1
ドアン,1
応酬,1
主謀,1
青海,1
あたり,1
暴れる,1
在住,1
職業,1
映し出す,1
バック,1
砕ける,1
フロント,1
へこむ,1
進,1
擁立,1
共倒れ,1
歩む,1
方策,1
互角,1
揺さぶり,1
テクニック,1
据える,1
徹す,1
弾み,1
チャンピオン,1
おかげ,1
レベルアップ,1
愛す,1
かく,1
違法,1
賭博,1
再起,1
第一線,1
印象づける,1
サンフレッチェ広島,1
縮まる,1
湘南,1
オウンゴール,1
縮める,1
柏レイソル,1
レイソル,1
ガンバ大阪,1
ジョー,1
ハットトリック,1
鹿島アントラーズ,1
清水,1
アントラーズ,1
浦和レッズ,1
Ｖ,1
ファー,1
レン,1
悠,1
ジュビロ磐田,1
鳥栖,1
セレッソ大阪,1
白星,1
長袖,1
着,1
長靴,1
帽子,1
中立,1
くみ取る,1
勝手,1
守一,1
自治省,1
県民,1
県政,1
競り勝つ,1
拓海,1
投げ込む,1
長打,1
名字,1
陸,1
学年,1
入部,1
競い合う,1
アクシデント,1
救う,1
あう,1
さわやか,1
奮闘,1
天神山,1
はずみ,1
押し出す,1
徳山,1
み,1
雪辱,1
原動力,1
航,1
意気込む,1
かわるがわる,1
小刻み,1
エラー,1
あそこ,1
涙,1
去る,1
糧,1
秋ノ宮,1
山居,1
野地,1
矢地,1
雄勝,1
堀端,1
桜沢,1
励ます,1
雑貨,1
持ち寄る,1
盛川,1
カクテル,1
酒蔵,1
こぎ着ける,1
杜氏,1
とうじる,1
盛,1
晴,1
蔵,1
下野,1
昔,1
小泉,1
誕生,1
中枢,1
来日,1
泊,1
パスポート,1
体型,1
中肉,1
茶色,1
薬,1
標高,1
俊,1
慧,1
劉,1
辰,1
すがすがしい,1
信号,1
藤島川,1
藤島,1
萩野,1
北辰,1
外崎,1
榎田,1
高梨,1
若月,1
走者,1
一掃,1
松葉,1
武田,1
辛島,1
勝率,1
セ・リーグ,1
中谷,1
鳥谷,1
返る,1
残塁,1
無得点,1
マギー,1
マルティネス,1
山井,1
菊池,1
ウラ,1
抑え,1
中崎,1
ダブル,1
崩れ,1
追い越せる,1
基幹,1
あか,1
くら,1
金山川,1
出し,1
千,1
催涙,1
車列,1
襲撃,1
横行,1
無謀,1
会館,1
升形,1
両氏,1
冒険,1
見せつける,1
パーフェクト,1
後続,1
ベネズエラ,1
思いきり,1
久々,1
スイング,1
かえる,1
大広間,1
やわらかい,1
マット,1
だい,1
おもちゃ,1
大月,1
真司,1
係長,1
約,1
内訳,1
下瀬,1
合流,1
豊富,1
恵まれる,1
ＰＫＯ,1
ハルツーム,1
キール,1
分け合う,1
確約,1
再燃,1
クリーブランド,1
頭上,1
屈指,1
ミラー,1
塁,1
思い出す,1
全身,1
鳥肌,1
詰まる,1
行き来,1
近海,1
年率,1
大雪,1
猿,1
羽根山,1
ダンプカー,1
実情,1
機材,1
集合,1
不自由,1
歩ける,1
寝る,1
無線,1
かき消す,1
垂直,1
すら,1
八幡,1
湯川,1
越,1
トイレ,1
消防車,1
艇,1
くすぶる,1
風呂,1
暇,1
旅館,1
分散,1
泊まる,1
手配,1
紀勢線,1
勝浦,1
建つ,1
開き,1
サラリーマン,1
先ほど,1
ついに,1
三浦,1
知良,1
伸二,1
会える,1
遊摺部,1
新堀,1
柏谷沢,1
高台,1
真に,1
実相,1
推し進める,1
赤倉,1
谷地,1
小国,1
西郡,1
新町,1
加茂,1
宮寄上,1
上柳渡戸,1
寺町,1
丹生,1
九日,1
五十沢,1
南沢,1
矢越,1
岩谷沢,1
市野々,1
田沢,1
畑沢,1
細野,1
刈,1
銀山,1
上柳,1
福原,1
蕨,1
河原,1
直線,1
本庄,1
児玉,1
維新,1
旭川大,1
久長,1
佐久,1
打順,1
方式,1
ＷＢＣ,1
順延,1
休養,1
連投,1
本名,1
辻本,1
節子,1
ころ,1
洋児,1
糸,1
浪漫,1
ショウ,1
銘打つ,1
歌,1
歌う,1
時々,1
はやり,1
取り入れる,1
ギャグ,1
タレント,1
バラエティー,1
よー,1
ドン,1
コンビ,1
ぼんち,1
師匠,1
精力,1
関西,1
演芸,1
親交,1
落語,1
上方,1
お笑い,1
エキス,1
人柄,1
あり方,1
大学院,1
関谷,1
直也,1
四方,1
区切る,1
結びつく,1
貞森,1
英樹,1
捕捉,1
確率,1
水かさ,1
乗船,1
乗り,1
中鉢,1
春美,1
村山,1
こちら,1
注意報,1
脱出,1
おう,1
ぜ,1
い,1
由恵,1
突き上げる,1
田無,1
小銃,1
類,1
砲弾,1
劣化,1
ベニヤ板,1
打ちつける,1
急ピッチ,1
掘る,1
アスファルト,1
シャワー,1
手すり,1
パイプ,1
取り外す,1
野瀬,1
文句,1
逆らえる,1
食い止める,1
途切れる,1
静か,1
姉,1
亡くす,1
東根,1
師団,1
隊員,1
炊き出し,1
ガラス張り,1
栄,1
オアシス,1
抹茶,1
こぼれ落ちる,1
吹き抜け,1
塩化ビニール,1
シリコン,1
膨張,1
見事,1
変則,1
打ち崩せる,1
ビデオ,1
捨てる,1
インコース,1
脩,1
張る,1
カー,1
浩一,1
軽微,1
カーナビ,1
本業,1
もうけ,1
減収,1
排ガス,1
改ざん,1
稔,1
うむ,1
出し切る,1
心から,1
心痛,1
察し,1
不便,1
サイレン,1
あっという間,1
検挙,1
県警,1
説得,1
帰り道,1
重軽傷,1
実践女子大学,1
松浦,1
常夫,1
申告,1
差し迫る,1
行使,1
久場島,1
山陽,1
備前,1
ギャング,1
抗争,1
最悪,1
決して,1
取り締まる,1
表す,1
家計調査,1
南米,1
僧侶,1
経,1
焼香,1
語り,1
ボローニャ,1
可燃,1
写る,1
オレンジ,1
炎,1
包む,1
燃え移る,1
意,1
ブロッキング,1
ベルギー,1
シンクタンク,1
意味合い,1
後悔,1
刺す,1
ナイフ,1
テーブル,1
敵対,1
先決,1
ともなう,1
令,1
締め出す,1
罰則,1
改める,1
包囲,1
狭める,1
断ち切る,1
原材料,1
送金,1
例外,1
プラント,1
志信,1
前年,1
見極め,1
創出,1
プジョー,1
エアバス,1
老朽,1
キャビア,1
源,1
打撃,1
両立,1
担い手,1
面接,1
官僚,1
リスト,1
有利,1
次官,1
会食,1
高額,1
龍谷大学,1
堅一,1
特例,1
あらかじめ,1
払い,1
年貢,1
戦前,1
漁協,1
カビ,1
段ボール,1
ダンボール,1
法文学部,1
胡,1
告示,1
投開票,1
手渡し,1
始め,1
用水,1
訪ねる,1
庚,1
惠,1
遺影,1
づきあい,1
語り合う,1
丸岡,1
律夫,1
竹原,1
信子,1
友達,1
同窓会,1
仲よく,1
百貨店,1
据え置く,1
各局,1
朝日新聞社,1
室長,1
口頭,1
なお,1
こむ,1
学期,1
きっちり,1
所信,1
問い,1
西戸崎,1
孝弘,1
雄一,1
法夫,1
申し出,1
養護,1
老人,1
手帳,1
移譲,1
施策,1
一元,1
公衆,1
スピーディー,1
健やか,1
投球,1
近江,1
恵,1
輝,1
初球,1
今度,1
スライダー,1
たたきだす,1
常総学院,1
完敗,1
気迫,1
振れる,1
バネ,1
のぞむ,1
まわり,1
間違い,1
外角,1
出塁,1
在宅,1
小論文,1
一切,1
補欠,1
いれる,1
立命館大学,1
功,1
立命館大,1
ライスボウル,1
衞,1
分担,1
門川,1
波左間,1
赤い,1
波打ち際,1
貝殻,1
都築,1
拓馬,1
打ち寄せる,1
間隔,1
狭まる,1
御前崎,1
製法,1
果実,1
黄,1
香り,1
祝う,1
乾杯,1
試飲,1
山下,1
智久,1
芳じゅん,1
クラフト,1
杉浦,1
健美,1
ゆとり,1
相対,1
船上,1
隣,1
岸壁,1
つなぎ止める,1
協同,1
石垣,1
漁労,1
辰己,1
凌,1
晟,1
キレ,1
大前,1
輝明,1
奮う,1
八丈島,1
坪田,1
北上,1
はじめる,1
日本航空,1
稼ぐ,1
アルミニウム,1
半導体,1
光ファイバー,1
買い取り,1
セント,1
メール,1
選択,1
直近,1
ばく大,1
つぶやき,1
占領,1
今や,1
大国,1
とてつもない,1
富津,1
東京湾,1
フェリー,1
アカデミー,1
北極,1
南極,1
とける,1
枯れる,1
海面,1
化す,1
すめる,1
テニス,1
き,1
トロント,1
ロビン,1
ハー,1
セ,1
リターン,1
連取,1
サーブ,1
ブレーク,1
スイス,1
オーストリア,1
チャンネル,1
ニュース,1
転換,1
眠る,1
主婦,1
死体,1
眠らせる,1
やり取り,1
周到,1
いっさい,1
日付,1
終結,1
ナウ,1
アート,1
汚れる,1
月末,1
投棄,1
頻繁,1
アルコール,1
アサヒ,1
サッポロ,1
ハイボール,1
瓶ビール,1
横田,1
人的,1
不断,1
敬意,1
帰還,1
水力,1
アムネスティ,1
インターナショナル,1
氷山,1
一角,1
