“,7
”,7
…,1
※,2
▼,30
▽,39
　,3
、,8870
。,3928
「,1259
」,1259
『,40
』,40
あいさつ,11
あいまい,2
あう,1
あおる,9
あか,1
あかつき,1
あがる,3
あきる野,1
あくまで,2
あぐり,1
あげる,12
あす,7
あそこ,1
あそぶ,1
あたら,1
あたり,1
あたる,12
あだ名,2
あっという間,1
あてる,1
あと,134
あなた,2
あの,1
あふれる,5
あまり,11
あまりに,2
あらかじめ,1
あらゆる,6
あらわ,2
ありえる,2
ありがたい,4
あり方,1
ある,587
ある程度,5
あわせる,4
い,1
いい,28
いう,23
いえる,4
いかが,1
いかす,2
いかだ,1
いかつい,1
いかに,1
いきさつ,4
いく,153
いくつ,2
いける,12
いざ,3
いし,1
いじめ,15
いすゞ,1
いすゞ自動車,1
いずれ,51
いたずら,1
いただく,7
いただける,3
いちばん,5
いち早い,2
いっさい,1
いったん,8
いっぱい,2
いつ,4
いつも,2
いま,6
いまだ,1
いまだに,5
いよいよ,1
いらだち,2
いる,2668
いれる,1
いろいろ,10
いろんな,1
いわば,1
いわゆる,16
う,94
うえ,71
うかがう,3
うかがえる,1
うける,1
うそ,2
うたう,1
うち,89
うちわ,5
うつ,3
うつぶせる,2
うまい,2
うむ,1
うる,2
うれしい,9
う回,1
え,1
えぐる,2
えひめ,1
える,3
お,91
おう,1
おおかた,1
おおむね,11
おかけ,3
おかげ,1
おかしい,2
おく,12
おさまる,2
おすすめ,1
おととし,26
おとなしい,2
おの,1
おはよう,1
おもしろい,2
おもちゃ,1
おもてなし,4
おやすみ,1
およそ,204
おる,38
おわび,3
お互い,4
お好み焼き,2
お客,2
お客様,1
お悔やみ,2
お披露目,2
お盆,3
お目見え,2
お祈り,1
お笑い,1
お茶,1
お菓子,2
お薦め,1
お迎え,1
お金,1
お隣,1
お願い,4
か,201
かえる,1
かかる,44
かかわる,4
かきわける,1
かき出す,1
かき氷,1
かき消す,1
かぎり,4
かく,1
かける,31
かご,7
かさ,2
かさむ,2
かしら,1
かじ取り,1
かす,1
かぜ,1
かたどる,1
かつ,8
かつて,2
かなう,5
かなり,10
かねる,7
かぶる,5
かも,10
かや,2
から,846
かわいい,1
かわいそう,1
かわす,3
かわるがわる,1
かんきつ,4
かんきつ類,1
か国,6
か所,28
か月,48
が,4978
がかる,1
がく然,2
がけ,2
がたい,1
がれき,5
がん,1
がんばる,1
き,1
きく,1
きちんと,1
きっかけ,11
きっちり,1
きっ抗,1
きのう,1
きめ細かい,1
きゅうり,2
きょう,11
きり,2
きる,3
きれい,5
きれる,4
きん,1
ぎりぎり,1
く,1
くいる,1
くし,1
くじ,1
くすぶる,1
くだ,2
くださる,21
くみ取る,1
くも膜,2
くら,1
くらい,5
くらます,2
くらむ,1
くる,105
くれる,17
くん,6
ぐったり,2
ぐらい,1
ぐる,3
ぐんぐん,1
けいれん,1
けい椎,3
けが,56
けがす,1
けが人,16
けさ,1
けど,3
けれど,2
けれども,1
けん制,11
けん引,5
こい,2
こう,4
こうした,55
こうして,1
こぎ着ける,1
こぐ,1
ここ,16
こす,1
こそ,1
こぞって,2
こだわる,3
こちら,1
こと,1279
ことし,137
ことば,3
ことほぐ,2
こども,2
こなせる,1
この,411
このほど,2
この間,2
こぼれ落ちる,1
こまめ,22
こむ,1
こめる,1
これ,211
これから,13
これら,3
ころ,1
こん,2
こんな,4
こんなに,2
ご,15
ごと,12
ごみ,5
ごろ,66
さ,156
さいたま,4
さえ,1
さかのぼる,1
さき,2
ささい,1
ささげる,9
さすが,1
させる,7
さぞ,1
さとい,1
さば,1
さばき,1
さま,7
さまざま,24
さや,1
さら,2
さらす,1
さらなる,4
さらに,87
さりげ,1
さる,2
さわやか,1
さん,204
ざす,11
し,14
しか,11
しかける,1
しかし,22
しかた,4
しけ,8
しける,3
しだい,2
しっかり,38
しつこい,1
しとめる,1
しばしば,1
しばらく,2
しびれ,2
しぼる,1
しまう,28
しよう,1
しれる,9
しんし,2
じ,1
じゃ,1
じゃがいも,1
じゅうたん,5
す,1
すがすがしい,1
すぎ,28
すぎる,9
すぐ,14
すごい,3
すっかり,1
すてき,2
すでに,23
すなわち,1
すばらしい,1
すべて,31
すみやか,2
すめる,1
すら,1
すり,1
する,4974
すれる,1
ずくめ,3
ずっと,2
ずつ,9
ずれ,1
ずれる,2
せっかく,1
せる,123
せん光,1
ぜ,1
ぜひ,1
そ,6
そう,24
そういう,3
そうした,6
そこ,4
そこで,2
そして,59
そっと,1
その,95
そのうえで,66
そのうち,2
そのまま,8
そのもの,2
その後,53
その間,3
そば,5
それ,139
それぞれ,30
それでも,5
それなのに,1
それに,30
それら,1
そろう,4
そんたく,1
そんな,1
ぞう,1
た,4911
たい,234
たかし,1
たくさん,4
たく磨,2
たずねる,3
たたきだす,1
たたき台,2
たたく,2
ただ,24
ただす,2
ただただ,1
ただれる,1
たち,123
たった,2
たつ,5
たどる,1
たび,4
たびたび,3
たまに,1
たまねぎ,1
たまる,4
ため,293
ためらう,10
ためる,3
ため池,2
たらい,1
たり,100
たわし,1
たんす,1
だ,1545
だい,1
だけ,46
だらけ,2
だり,3
ちゃんと,1
ちょう,4
ちょうど,6
ちょっと,2
ちょっとした,2
ちん,3
っと,1
っぱなし,1
つ,3
つい,1
ついていける,1
ついに,1
つかう,10
つかさ,1
つかめる,3
つかる,4
つき,1
つきまとう,1
つく,16
つくる,8
つくれる,1
つけ,3
つける,12
つけ込む,1
つつ,8
つながり,3
つながる,27
つなぎ止める,1
つなぐ,5
つなげる,14
つぶやき,1
つぶやく,3
つまり,2
つもり,4
つらい,5
つり,1
つるす,2
づきあい,1
づくり,13
づらい,1
て,4414
てる,4
で,3820
できる,246
できるだけ,2
です,726
でっちあげ,1
でも,43
でる,3
と,3006
という,585
といった,27
とうじる,1
とおり,1
とか,12
とかす,1
とき,22
とける,1
ところ,95
として,334
とたん,1
とっさ,1
とてつもない,1
とても,14
とともに,87
とどまる,16
とどめる,1
とにかく,3
とび職,2
とまる,1
とめる,1
とも,14
ともす,2
ともなう,1
ともに,5
とらえる,6
とりざたす,1
とりまとめる,1
とる,30
とれる,7
と共に,5
どう,34
どういう,1
どうし,4
どおり,9
どく,1
どこ,8
どころ,5
どちら,4
どっち,1
どなる,1
どの,33
どれ,3
どんどん,2
どんな,4
どんなに,2
な,6
ない,720
なお,1
なか,6
なかでも,2
なかなか,3
なかには,1
ながら,58
なくす,5
なくなる,11
なす,3
なぜ,7
なぞらえる,1
なでしこ,6
など,1054
なに,3
なみ,1
ならでは,1
なり,3
なり手,2
なる,797
なるべく,2
なれる,3
なんて,3
なんとか,1
なんとも,1
に,5235
にあたって,2
にあたり,3
にあたる,14
において,2
における,2
にかけ,1
にかけて,72
にぎわう,4
にくい,10
にじむ,2
について,347
につき,1
につれて,1
にとって,16
によって,35
により,9
による,116
にらむ,2
にわたって,22
にわたり,7
にわたる,4
にんじん,1
に対し,95
に対して,65
に対する,28
に当たる,5
に従い,2
に従って,2
に関して,3
に関する,9
ぬ,129
ぬかるむ,2
ぬれる,1
ね,5
ねぎ,1
ねぶた,6
の,9164
のく,1
のせる,1
のぞく,2
のぞむ,1
のち,1
のっとる,2
ので,81
のど,1
のに,9
のびる,2
のべる,1
のぼる,3
のみ,2
のむ,3
は,4408
はかる,2
はぎ取る,1
はじめ,23
はじめて,2
はじめる,1
はず,8
はずみ,1
はっきり,1
はな,1
はねる,5
はやり,1
はる,1
はるか,1
は虫類,1
ば,105
ばかり,9
ばく大,1
ばらばら,1
ばらまき,1
ひいき,2
ひかり,2
ひき逃げ,3
ひく,2
ひざ,6
ひっ迫,2
ひと,2
ひとつひとつ,1
ひとり,2
ひと事,1
ひと目,1
ひどい,3
ひねる,1
ひのき,1
ひまわり,9
ひるがの,1
ひるむ,2
びっくり,1
びわ湖,5
ふうび,2
ふさぐ,1
ふだん,6
ふっしょく,1
ふり,1
ふるって,1
ふるまう,4
ふん,1
ふんばる,2
ぶつ,1
ぶつかる,7
ぶつける,1
ぶどう,1
ぶり,44
へ,207
へこむ,1
へその緒,1
べし,51
べつ,1
ほう,6
ほうき,1
ほうれんそう,1
ほう助,1
ほか,182
ほしい,28
ほっと,2
ほとんど,15
ほど,42
ほぼ,19
ほる,3
ほんろう,1
ぼう,5
ぼんち,1
ま,10
まいる,3
まく,2
まさに,1
まさる,2
まじまじ,1
ます,3669
ますます,3
まず,2
まずい,1
まずは,4
また,206
またがる,4
またぐ,2
または,5
まだ,19
まだまだ,1
まち,3
まちまち,1
まったく,3
まつり,5
まで,305
まとまる,3
まとめ,6
まとめる,21
まま,24
まみれる,1
まもなく,6
まるで,2
まれ,3
まわす,1
まわり,1
まんが,2
み,1
みかん,2
みずから,27
みずほ,1
みせる,4
みそ,1
みたい,1
みっちり,1
みる,101
みんな,5
むく,1
むしろ,1
むだ,1
むつ,1
め,1
めぐる,47
めったに,1
めど,8
めまい,1
も,848
もう,5
もうけ,1
もう一度,2
もう少し,2
もし,1
もしくは,1
もたらす,5
もちろん,1
もっと,9
もつ,5
もつれる,2
もと,16
もとづく,1
もともと,1
もの,113
ものすごい,1
ものの,28
もはや,1
もらう,41
もらえる,11
もんじゅ,1
や,730
やく,1
やけど,3
やすい,18
やってくる,1
やなせ,1
やむをえない,3
やめる,14
やや,6
やり取り,1
やり方,1
やる,25
やわらかい,1
ゆかり,2
ゆがむ,2
ゆたか,2
ゆだねる,1
ゆっくり,9
ゆとり,1
よ,3
よい,36
よう,385
ようやく,3
よく,9
より,74
よる,300
よー,1
ら,69
らい,2
られる,282
り,15
りく,1
り災,3
れき,1
れる,1321
ろ,3
ろっ骨,2
わ,1
わいきょく,1
わいせつ,3
わい小,1
わかる,89
わが,2
わが国,5
わく,1
わくわく,2
わけ,2
わざと,2
わざわざ,1
わずか,3
わたる,1
われわれ,15
を,5855
をめぐって,40
を通して,4
を通じて,10
ん,80
アイデア,2
アウト,9
アウトコース,4
アウトドア,1
アカウント,4
アカデミー,1
アクシデント,1
アサド,7
アサヒ,1
アジア,19
アスファルト,1
アスレチック,1
アゼルバイジャン,1
アップ,1
アップル,6
アテネ,1
アトム,1
アドバイザー,3
アドバイス,1
アナ,3
アナウンス,1
アニメーション,2
アピール,7
アフリカ,7
アマゾン,4
アムネスティ,1
アメリカ,247
アメリカンフットボール,21
アユ,4
アリ,3
アルコール,1
アルゼンチン,1
アルバイト,1
アルファベット,1
アルプス,1
アルミ,2
アルミニウム,1
アンカラ,1
アンケート,7
アンズ,2
アンダー,9
アンダーハンド,1
アンダーパー,1
アンチ,1
アンテナ,1
アントラーズ,1
アンドリュー,1
アート,1
アール,1
イエメン,4
イオン,1
イギリス,19
イスラム,4
イスラム教,2
イタリア,4
イニング,3
イノシシ,1
イベント,13
イメージ,4
イヤ,1
イラク,2
イラン,89
イン,6
イングランド銀行,4
インコース,1
インストール,1
インタビュー,7
インターチェンジ,6
インターナショナル,1
インターネット,14
インターネットバンキング,1
インターンシップ,2
インチ,1
インディ,2
インド,12
インドネシア,32
インド洋,1
インフラ,17
インフレ,1
イーグル,1
ウォン,1
ウォーキング,1
ウクライナ,4
ウラ,1
ウラジオストク,4
ウラン,2
ウレタン,1
ウン,3
ウー,2
エア,11
エアコン,3
エアバス,1
エキス,1
エコノミスト,1
エスパルス,2
エネルギー,5
エビ,1
エラー,1
エリア,2
エル,1
エレナ,2
エンジン,3
エージェンシー,2
エース,27
エール,2
オアシス,1
オイディプス,1
オウム真理教,2
オウンゴール,1
オファー,1
オフィス,1
オブ,1
オランダ,5
オリジナル,1
オリックス,3
オリンパス,5
オリンピック,75
オレゴン,1
オレンジ,1
オーストラリア,14
オーストリア,1
オーディオ,1
オーバー,4
オープン,15
オール,3
カウボーイ,1
カウント,11
カエル,5
カクテル,1
カジノ,2
カセット,5
カット,1
カップ,3
カトリック,2
カナダ,18
カヌー,11
カバン,1
カバー,5
カビ,1
カフェ,4
カメラ,9
カラ,1
カラフル,1
カリフォルニア,7
カン,1
カンボジア,15
カー,1
カーナビ,1
カール,1
ガ,1
ガイド,2
ガス,4
ガソリンスタンド,3
ガラス,8
ガラスケース,1
ガラス張り,1
ガルビン,1
ガンバ大阪,1
ガードレール,1
キム,6
キャビア,1
キャプテン,4
キャベツ,3
キャラクター,1
キャンパス,1
キリン,3
キレ,1
キロ,68
キール,1
キーワード,1
ギャグ,1
ギャング,1
ギリシャ,3
クアラルンプール,1
クック,2
クマ,10
クラス,4
クラフト,1
クリア,2
クリック,1
クリミア,5
クリミア半島,3
クリーブランド,1
クリーン,2
クルーズ,2
クレジットカード,1
クレーン,1
クロ,2
クロアチア,1
クロスバー,1
クロマグロ,4
クーデター,7
グアム,1
グッズ,2
グラウンド,7
グラフ,1
グラブ,1
グラム,3
グランパス,3
グルジア,3
グルメ,1
グループ,33
グローバル,1
ケア,2
ケンブリッジ,1
ケンブリッジ大学,1
ケース,10
ゲート,4
ゲーム,37
コスト,4
コップ,1
コネティカット,1
コマーシャル,2
コミット,1
コミットメント,1
コメント,17
コレクション,1
コンクリート,2
コンクール,5
コンサルタント,2
コンサート,1
コントロール,4
コンビ,1
コンビニ,1
コンビニエンスストア,2
コンピューター,3
コンロ,3
コース,10
コーチャー,4
コート,1
コード,1
コーナー,4
コーリー,1
コール,4
コールド,3
ゴミ,1
ゴルフ,3
ゴロ,9
ゴール,12
ゴールデン,1
サイクル,1
サイト,3
サイド,2
サイレン,1
サウジアラビア,6
サッカー,8
サッポロ,1
サバ,7
サポート,4
サマータイム,8
サム,2
サヨナラ,7
サラリーマン,1
サロン,1
サンディエゴ,1
サントリー,2
サンパウロ,1
サンフランシスコ,1
サンフレッチェ広島,1
サンプル,5
サード,1
サービス,31
サーブ,1
シカゴ,4
システム,18
シティー,2
シニア,4
シフト,1
シミュレーション,4
シャトル,2
シャベル,2
シャボテン,1
シャワー,1
シュート,1
ショウ,1
ショック,2
ショット,7
ショップ,2
ショー,1
ショーウインドー,2
ショート,2
シリア,8
シリコン,1
シリーズ,1
シルクロード,5
シンガポール,26
シンクタンク,1
シングルス,13
シンプル,1
シーズン,15
シート,11
ジェスチャー,1
ジェット,2
ジェームズ,1
ジャイアンツ,2
ジャカルタ,3
ジャガイモ,1
ジャスパー,1
ジャパン,12
ジュゴン,4
ジュニア,4
ジュネーブ,2
ジュビロ磐田,1
ジョッキ,1
ジョン,3
ジョー,1
ジョージア,7
ジレンマ,2
ジンバブエ,6
スイカ,2
スイス,1
スイング,1
スウェーデン,3
スギ,1
スクリーン,1
スケジュール,1
スケッチブック,1
スケート,1
スコア,5
スコップ,1
スタイル,5
スタジアム,4
スタジオ,4
スタッフ,2
スタミナ,1
スタンド,2
スター,2
スタート,9
ステップ,1
ステーション,9
ステージ,1
ストックホルム,2
ストレス,5
ストレート,19
ストレート勝ち,3
スノーボード,4
スパイ,1
スピーカー,8
スピーチ,2
スピーディー,1
スピード,9
スプリンクラー,2
スペイン,4
スペース,4
スポット,1
スポークスマン,1
スポーツ,16
スマッシュ,12
スマート,13
スライダー,1
スライディング,2
スラローム,6
スリー,2
スレート,1
スロー,2
スロープ,2
スーダン,5
スーパーコンピューター,5
スーパースター,1
セ,1
セカンド,5
セクハラ,8
セット,5
セミ,1
セミナー,2
セレッソ大阪,1
セン,12
センター,37
センチ,13
セント,1
センバツ,6
セ・リーグ,1
ゼロ,4
ソウル,4
ソックス,1
ソビエト,1
ソフト,3
ソフトウエア,2
ソフトバンク,4
ソフトボール,11
ソロ,2
ゾンデ,1
タイ,10
タイガース,2
タイト,2
タイトル,7
タイブレーク,16
タイプ,2
タイヘイ,7
タイミング,8
タイム,4
タイムリー,12
タオル,2
タクシー,10
タックル,3
タッチ,1
タマネギ,1
タレント,1
タワー,4
タンカー,8
タンク,3
タンクローリー,3
ダイビング,2
ダイヤ,3
ダイヤモンド,4
ダウン,3
ダチョウ,1
ダッカ,3
ダッシュ,1
ダニエル,1
ダブル,1
ダブルス,9
ダム,18
ダメージ,1
ダンサー,5
ダンス,2
ダンプカー,1
ダンボール,1
チェック,7
チェーン,1
チャレンジ,1
チャレンジャー,2
チャン,1
チャンス,12
チャンネル,1
チャンピオン,1
チューナー,4
チリ,2
チーフ,1
チーム,46
チームワーク,2
ツアー,11
ティム,1
ティー,1
ティーショット,1
テキサス,2
テクニック,1
テスト,6
テニス,1
テヘラン,3
テレ,1
テレビ,11
テレビ局,1
テロ,1
テント,3
テーブル,1
テープ,2
テーマ,5
ディスプレイ,5
ディフェンダー,3
ディレクター,1
ディーゼルエンジン,1
デザイン,3
デッドボール,3
デビュー,1
デモ,18
デンマーク,3
データ,13
データベース,3
トイレ,1
トウモロコシ,2
トップ,10
トップダウン,1
トピックス,3
トマト,2
トメ,1
トモエ,1
トヨタ,1
トヨタ自動車,2
トラスト,1
トラック,13
トラックメーカー,1
トラブル,9
トランプ,77
トリオ,3
トルコ,10
トルドー,1
トレーナー,5
トレーニング,6
トロント,1
トン,11
トンネル,2
トーナメント,1
ドア,4
ドアン,1
ドイツ,15
ドクター,3
ドコモ,1
ドック,2
ドラえもん,2
ドライバー,6
ドライブ,2
ドラマ,2
ドリブル,1
ドル,25
ドレス,1
ドロップ,1
ドン,1
ドーピング,4
ナイフ,1
ナウ,1
ナショナル,4
ナンバー,2
ナース,1
ニュアンス,1
ニュース,1
ニューヨーク,9
ニーズ,1
ネット,11
ネルソン,1
ノ,2
ノウハウ,1
ノルウェー,2
ノー,3
ノーヒット,3
ノーベル,2
ハイテク,1
ハイハイ,5
ハイビジョン,1
ハイブリッド,1
ハイボール,1
ハイム,3
ハウス,2
ハット,1
ハットトリック,1
ハディ,1
ハメネイ,1
ハラ,1
ハラスメント,2
ハルツーム,1
ハワイ,2
ハンガリー,2
ハンド,1
ハー,1
ハード,3
バイオ,1
バイク,10
バス,26
バスケットボール,1
バス停,1
バチカン,2
バック,1
バックアップ,1
バックス,4
バッシング,1
バッジ,1
バッター,7
バッティング,3
バット,3
バトン,2
バドミントン,17
バネ,1
バハマ,2
バブル,2
バラエティー,1
バランス,3
バリ島,13
バレエ,7
バレリーナ,1
バングラデシュ,7
バー,3
バージニア,1
バースト,1
バーディー,3
バーナー,2
バーベキュー,8
パ,1
パイオニア,3
パイプ,1
パイロット,1
パス,4
パスポート,1
パソコン,2
パターン,3
パッケージ,3
パット,1
パトカー,2
パドル,2
パナソニック,1
パネル,7
パフォーマンス,1
パラリンピック,30
パリ,5
パワー,3
パンタグラフ,3
パンムンジョム,4
パ・リーグ,2
パー,1
パーク,2
パート,1
パートナー,4
パートナーシップ,1
パーフェクト,1
ヒット,17
ヒト,1
ヒノキ,2
ヒロイン,1
ビクトリー,2
ビザ,1
ビショップ,3
ビジネス,7
ビジュアル,1
ビデオ,1
ビル,6
ビーチ,3
ビール,13
ピッチャー,14
ピッチング,4
ピョンヤン,3
ピリピリ,1
ピンチ,4
ピーク,5
ピーター,1
ピーマン,2
ファイル,2
ファン,9
ファンド,2
ファー,1
ファースト,3
フィギュア,1
フィジカル,1
フィリピン,5
フィンランド,4
フェイス,6
フェニックス,1
フェリー,1
フェンス,2
フェーン,5
フォア,5
フォワード,3
フォン,13
フォーラム,6
フジテレビ,2
フライ,5
フライト,1
フランス,19
フランス語,2
フリー,1
フロリダ,2
フロント,1
フン,12
ブザー,2
ブダペスト,1
ブック,6
ブラジル,22
ブラックボックス,1
ブランド,2
ブルガリア,1
ブルー,1
ブレーキ,3
ブレーク,1
ブロッキング,1
ブロック,1
ブースター,1
プジョー,1
プライバシー,1
プラザ,2
プラス,7
プラスチック,9
プラント,1
プランニング,1
プリンター,3
プルトニウム,25
プレハブ,1
プレー,15
プロ,12
プログラム,1
プロジェクト,1
プロセス,4
プロデューサー,2
プロデュース,2
プール,2
ヘクタール,4
ヘクトパスカル,13
ヘッド,1
ヘッドコーチ,1
ヘディングシュート,1
ヘリ,3
ヘリコプター,5
ベスト,3
ベッド,2
ベトナム,1
ベニヤ板,1
ベネズエラ,1
ベビーシッター,1
ベランダ,2
ベリーズ,1
ベル,13
ベルギー,1
ベルリン,2
ベンチ,3
ベンチャー,2
ベース,1
ペア,28
ペットボトル,5
ペルシャ,3
ペルシャ湾,5
ペン,1
ページ,1
ペース,4
ペーパー,1
ホセ,1
ホッキョクグマ,2
ホテル,12
ホルムズ,6
ホワイトハウス,3
ホン,1
ホンダ,5
ホーム,10
ホームページ,8
ホームラン,17
ホール,1
ホールディングス,3
ボイス,1
ボギー,4
ボクシング,58
ボツワナ,3
ボランティア,58
ボルト,1
ボローニャ,1
ボンド,1
ボンベ,7
ボーイング,4
ボート,3
ボーナス,4
ボール,12
ポイント,29
ポジティブ,1
ポスト,3
ポルトガル,3
ポンド,1
ポンプ,1
マイナス,1
マイノリティー,6
マウンド,9
マギー,1
マグニチュード,16
マケドニア,6
マケドニア共和国,2
マスク,2
マスター,1
マスターズ,2
マッサージ,2
マット,1
マツダ,2
マハティール,2
マラソン,2
マリオ,1
マリナーズ,5
マリノス,2
マリヤ,1
マルタ,5
マルティネス,1
マレーシア,12
マン,4
マンガ,1
マンハッタン,2
マーク,2
マーチン,1
マーティン,3
ミサイル,32
ミス,5
ミッション,1
ミドルシュート,1
ミニ,1
ミャンマー,9
ミラー,1
ミリ,102
ミリリットル,1
メカニズム,1
メガワット,1
メキシコ,14
メジャー,1
メス,1
メダリスト,4
メダル,12
メッセージ,8
メディア,25
メリット,3
メルボルン,2
メロディー,3
メロン,8
メンバー,12
メーカー,22
メートル,130
メール,1
モスクワ,4
モデル,4
モニタリング,1
モントリオール,4
モーターボート,2
ヤクルト,2
ヤマト,2
ユニ,2
ユニーク,2
ユーゴスラビア,1
ユーモア,1
ユーロ,6
ヨーロッパ,21
ライスボウル,1
ライト,2
ライバル,4
ライフル,2
ラウンド,7
ラオス,5
ラグビー,4
ラジオ,7
ラック,6
ラリー,2
ラン,2
ランキング,19
ランナー,6
リ,7
リアル,3
リアルタイム,1
リオデジャネイロ,15
リサイクル,3
リサーチ,3
リスク,10
リスト,1
リスボン,1
リズム,2
リゾート,8
リターン,1
リチウム,1
リニューアル,2
リビア,1
リフォーム,1
リフト,2
リボン,1
リラ,1
リラックス,2
リリーフ,6
リレー,6
リーグ,21
リーダー,4
リード,16
リーマン,2
ルート,2
ルーム,3
ルール,10
レ,1
レイソル,1
レコーダー,2
レシーブ,1
レス,1
レスキュー,2
レストラン,2
レタス,3
レッテル,1
レッド,1
レフト,2
レベル,5
レベルアップ,1
レポート,1
レン,1
レンタル,1
レース,9
レーダー,9
レール,8
レーン,1
ロ,2
ロイター通信,1
ロシア,55
ロッキード,1
ロッテ,4
ロビン,1
ロビー,1
ロボット,1
ロマン,1
ロング,1
ロンドン,3
ロープ,5
ローマ,1
ローマ法王,4
ワイヤー,1
ワシントン,8
ワシントン・ポスト,3
ワニ,2
ワン,2
ワールドカップ,8
ン,2
ヶ所,2
・,178
一,53
一つ,4
一世,2
一丸,1
一也,1
一二三,1
一任,5
一体,4
一体化,1
一元,1
一切,1
一刻,3
一区切り,1
一同,1
一員,1
一堂,1
一塁,3
一夜,1
一定,15
一実,2
一家,1
一層,7
一帯,5
一度,1
一座,2
一律,5
一挙,1
一掃,1
一斉,2
一新,2
一方,104
一時,14
一朝一夕,1
一樹,2
一段,2
一段と,5
一気に,2
一環,4
一生,1
一生懸命,2
一直線,1
一瞬,1
一緒,17
一致,22
一般,17
一角,1
一路,5
一蹴,1
一連,34
一過,1
一部,89
一部始終,2
一門,1
丁寧,6
丁目,4
七,17
万,138
万一,1
万作,1
万全,2
三,23
三井,1
三井住友銀行,1
三入,1
三原,1
三和,3
三塁,4
三宅,2
三島,2
三振,7
三条,5
三次,1
三浦,1
三菱,3
三菱地所,3
三谷,7
三重,14
三陸,2
三陸海岸,1
上,60
上がる,57
上げ,3
上げる,13
上り,9
上る,31
上下,1
上乗せ,13
上京,2
上位,4
上半期,1
上向き,2
上告,1
上回る,24
上場,2
上層,1
上方,1
上旬,6
上昇,38
上期,1
上柳,1
上柳渡戸,1
上流,4
上海,4
上演,2
上田,3
上着,1
上積み,1
上空,9
上級,3
上越,5
上部,1
上野,5
上限,7
上院,3
上陸,9
上麻生,1
下,18
下がる,9
下げる,1
下す,3
下り,6
下りる,1
下る,2
下ろす,4
下回る,5
下山,26
下支え,3
下敷き,2
下方,3
下旬,8
下期,1
下水,6
下流,5
下瀬,1
下痢,1
下着,2
下絵,1
下落,8
下野,1
下降,1
不,6
不便,1
不信,2
不備,1
不公平,2
不利,1
不利益,2
不動,1
不十分,5
不可能,2
不可逆,5
不在,3
不妊,2
不安,8
不安定,24
不審,3
不当,5
不慣れ,1
不振,3
不整脈,1
不断,1
不明,20
不明瞭,2
不時着,4
不服,3
不正,39
不法,4
不満,4
不確か,2
不祥事,2
不自由,1
不良,6
不詳,2
不誠実,1
不足,23
不透明,7
不適切,12
与える,24
与党,12
与那国,1
与那国島,1
世,2
世の中,3
世代,5
世帯,64
世田谷,2
世界,147
世界中,3
世紀,3
世論,5
丘,3
両,21
両国,28
両方,5
両氏,1
両社,6
両立,1
両端,1
両親,3
両面,2
並び,1
並ぶ,4
並べる,2
並み,2
中,283
中之島,1
中井,1
中原,3
中国,139
中国共産党,1
中央,14
中学,10
中学校,9
中学生,10
中小,1
中尾,2
中尾郷,1
中崎,1
中川,5
中心,130
中押し,1
中断,3
中日,3
中旬,11
中村,2
中東,6
中枢,1
中核,10
中止,12
中流,2
中盤,4
中立,1
中継,2
中肉,1
中華,1
中西,2
中西部,2
中谷,1
中越,5
中身,1
中部,5
中鉢,1
中長期,1
中間,12
串焼き,1
丸,1
丸ごと,2
丸の内,2
丸亀,3
丸太,2
丸岡,1
丸木舟,4
丹生,1
主,6
主任,1
主体,2
主催,6
主力,9
主婦,1
主導,22
主席,3
主幹,1
主張,9
主役,2
主権,1
主流,1
主演,2
主管,1
主義,11
主要,14
主謀,1
久々,1
久しぶり,2
久世,1
久保木,2
久場島,1
久慈,2
久美,1
久美子,2
久里浜,2
久長,1
之,2
乏しい,2
乗せる,5
乗り,1
乗り出す,8
乗り場,1
乗り物,3
乗り越える,3
乗り込む,6
乗る,20
乗務,2
乗員,10
乗客,27
乗用車,25
乗組,3
乗船,1
乗車,7
乗降,1
九州,69
九州電力,1
九日,1
乱れる,5
乱取り,1
乱射,2
乳幼児,1
乳酸,1
乾杯,1
乾燥,5
亀,1
亀有,1
亀田,2
了承,2
了解,4
予備,4
予告,1
予報,4
予定,54
予想,61
予測,13
予算,9
予選,15
予防,6
争い,6
争う,4
争点,3
事件,45
事例,1
事前,11
事務,21
事務所,9
事務次官,2
事務職,1
事実,27
事後,1
事情,2
事態,14
事故,59
事柄,1
事案,2
事業,66
事項,1
二,26
二刀流,2
二分,1
二塁,6
二度と,3
二戸,2
二酸化炭素,3
互い,1
互いに,2
互角,1
五,2
五十沢,1
五城目,2
五島,7
五條,2
五穀豊じょう,1
五輪,2
井ノ口,6
井上,11
井出,1
井原,1
井山,7
井関,2
亡くす,1
亡くなる,36
亡命,1
交える,1
交わす,18
交付,21
交代,5
交差点,1
交換,24
交易,1
交流,9
交渉,31
交通,10
交通省,17
交際,5
京,1
京田川,4
京都,49
京都大,4
京都教育大学,1
京阪,5
京阪本線,2
亮太,1
人,734
人々,5
人事,4
人出,2
人口,7
人員,2
人工,16
人工芝,1
人手,11
人望,1
人材,9
人柄,1
人権,14
人民,10
人気,8
人物,5
人生,4
人的,1
人組,3
人道,3
人間,2
人類,2
仁,5
今,86
今や,1
今回,92
今季,1
今年度,12
今度,1
今後,100
今月,103
今村,2
今治,2
今週,7
介入,3
介在,1
介護,1
仏像,6
仕上げる,1
仕事,6
仕掛ける,2
仕組み,15
他,7
他人,1
他国,2
他社,3
付,1
付き,1
付け,10
付ける,3
付属,1
付近,41
仙台,10
代,40
代える,1
代わり,5
代わる,6
代打,3
代替わり,1
代理,2
代目,2
代行,3
代表,60
代金,3
令,1
令奈,1
以上,122
以下,4
以内,21
以前,6
以外,15
以来,21
以降,24
仮,9
仮に,1
仮設,18
仲,2
仲よく,1
仲介,4
仲間,3
仲間はずれ,1
件,4
任す,6
任期,1
企業,72
企画,16
伊,1
伊勢湾,1
伊東,2
伊田,1
伊豆,4
伊豆半島,1
伊豆諸島,20
伏見,1
伏見桃山,1
休み,3
休む,2
休憩,5
休暇,2
休業,5
休止,3
休養,1
会,180
会う,11
会える,1
会す,1
会合,49
会員,1
会場,31
会津若松,4
会社,73
会見,60
会計,3
会話,2
会談,85
会議,73
会費,3
会長,85
会食,1
会館,1
伝える,60
伝わる,5
伝統,4
伝達,3
伴う,42
伸,1
伸ばす,5
伸ばせる,1
伸び,4
伸びる,3
伸二,1
似る,2
位,76
位置,6
低,3
低い,40
低め,2
低下,8
低調,1
低迷,2
住まい,3
住む,23
住友信託銀行,1
住宅,94
住民,58
住金,1
佐,2
佐々木,6
佐世保,1
佐久,1
佐伯,7
佐呂間,1
佐藤,6
佐賀,3
佐野,5
佑,3
体,13
体内,2
体制,25
体力,1
体型,1
体感,1
体操,4
体格,1
体温,4
体育,4
体育館,5
体調,12
体重,1
体長,3
体験,14
何,16
何より,1
何らかの,5
余り,86
余る,1
余儀ない,3
余目,7
余裕,2
余震,2
作,2
作り,3
作り出す,3
作る,29
作れる,2
作動,1
作品,7
作成,4
作戦,4
作業,61
作業場,1
佳,4
佳奈,1
併合,3
併設,1
使い,1
使い方,1
使う,74
使える,7
使命,1
使用,13
例,3
例えば,2
例外,1
例年,5
供給,2
供述,6
依る,2
依存,3
依然,5
依然として,4
依頼,6
価値,1
価格,23
侮辱,1
侵入,7
侵害,8
侵攻,2
便,18
便宜,6
便数,1
係留,2
係長,1
促す,13
促進,4
俊,1
俊幸,1
保つ,6
保健,8
保健所,3
保冷,2
保守,1
保安,9
保有,15
保管,14
保線,1
保育,3
保育園,2
保証,4
保護,19
保険,6
保障,16
保養,3
信じる,6
信号,1
信子,1
信濃,2
信用,3
信者,4
信託,5
信雄,1
信頼,16
修平,1
修得,1
修復,1
修正,12
修理,5
俳優,2
倉敷,23
個,14
個々,4
個人,15
個別,4
倍,29
倍率,2
倒れる,12
倒壊,7
倒木,2
候補,11
借りる,1
値,3
値上がり,5
値上げ,6
値下がり,10
値動き,2
倫理,1
倭,4
偏見,1
停戦,1
停止,33
停滞,13
停車,2
停車場,1
停電,13
健,6
健やか,1
健康,14
健美,1
側,124
側溝,2
側近,2
側面,4
傑作,1
傘,3
傘下,5
備え,9
備える,16
備え付ける,1
備前,1
備前焼,1
催し,11
催涙,1
債務,1
傷,5
傷つく,1
傷つける,1
傷む,1
傷害,2
傾く,1
傾ける,3
傾向,7
働かす,2
働きかけ,5
働きかける,2
働く,10
像,6
僕,1
僧侶,1
儀,1
儀式,9
億,95
優,2
優しい,1
優先,1
優勝,25
優勢,1
優生,5
優衣,1
元,63
元号,5
元気,10
兄,2
兄弟,1
充,1
充てる,3
充実,2
充電,3
兆,5
兆し,4
兆候,2
先,47
先ほど,1
先制,10
先奥,2
先日,2
先月,95
先決,1
先物,2
先生,2
先発,27
先立つ,4
先般,1
先行,1
先行き,4
先輩,3
先週,15
先進,1
先限,1
先頭,3
光,4
光ファイバー,1
光夫,1
光栄,1
克服,1
免れる,3
免疫,1
免職,5
免許,6
児,3
児玉,1
児童,14
党,29
党内,6
党員,5
党派,1
党首,9
入り,3
入り口,3
入り込む,2
入る,63
入れ,1
入れる,22
入れ替える,3
入力,2
入団,2
入国,1
入場,1
入居,12
入手,4
入植,1
入港,1
入社,1
入船,2
入試,7
入部,1
入院,7
全,9
全く,6
全体,22
全力,13
全員,27
全国,104
全土,3
全域,7
全壊,9
全容,1
全日本,5
全日空,3
全治,2
全然,2
全焼,2
全米,6
全線,4
全身,1
全部,2
全長,2
全面,5
全額,3
八,1
八丈島,1
八巻,3
八幡,1
八幡浜,2
八月,1
公共,6
公務,2
公募,10
公営,5
公園,15
公安,3
公平,3
公式,12
公明,3
公明党,5
公正,6
公民館,21
公海,3
公演,5
公的,3
公社,1
公立,1
公約,2
公聴,1
公衆,1
公表,27
公費,2
公開,37
六,4
共倒れ,1
共催,1
共同,22
共和党,1
共感,1
共有,6
共演,1
共産党,7
共用,1
共謀,1
共通,5
共闘,1
兵器,6
兵士,1
兵庫,18
具体,39
兼ねる,3
兼務,3
内,28
内側,2
内堀,1
内外,1
内容,23
内戦,8
内田,14
内相,1
内臓,1
内蔵,1
内覧,2
内訳,1
内部,6
内野,2
内閣,8
内陸,2
円,132
円滑,2
再,18
再び,18
再会,5
再建,13
再来年,3
再燃,1
再生,9
再発,12
再編,2
再起,1
再開,43
冒険,1
冒頭,1
写る,1
写真,14
冠,9
冠水,3
冥福,1
冨手,1
冬,4
冷え込む,1
冷たい,2
冷やす,4
冷凍,3
冷凍庫,4
冷却,3
冷房,17
冷静,2
准,5
凌,1
凍結,6
処分,36
処理,26
凶悪,2
凶行,1
出,1
出かける,3
出し,1
出し切る,1
出す,85
出せる,7
出そろう,2
出だし,2
出る,162
出会い,2
出会う,1
出力,1
出勤,3
出口,1
出向,3
出向く,1
出回る,1
出国,4
出場,77
出塁,1
出席,42
出張,1
出張所,1
出方,1
出来事,1
出来高,3
出没,1
出演,6
出火,1
出産,2
出発,8
出荷,13
出血,2
出資,7
出身,28
出迎える,1
出題,1
函館,1
刀剣,2
刃物,4
分,180
分かる,10
分かれる,6
分ける,5
分け合う,1
分の,10
分別,2
分担,1
分散,1
分断,2
分析,24
分裂,2
分野,24
分間,2
分離,1
切,2
切りつける,3
切り抜ける,1
切り替え,1
切り替える,3
切り離す,2
切る,6
切れる,3
切実,2
切断,3
刈,1
刑,2
刑事,1
列,3
列車,13
初,25
初め,4
初めて,60
初戦,14
初日,4
初旬,1
初期,1
初球,1
判定,13
判断,35
判決,30
別,21
別室,1
別状,7
別荘,1
利する,3
利回り,3
利根川,1
利用,40
利益,5
利秋,1
到来,1
到着,6
到達,4
制,3
制す,2
制作,2
制度,16
制約,1
制裁,120
制限,10
刷新,1
刺す,1
刻々,1
削る,1
削減,10
削除,2
前,253
前々回,3
前人未到,1
前倒し,2
前列,2
前半,3
前哨,2
前回,23
前年,1
前後,5
前提,9
前方,1
前日,7
前橋,6
前線,18
前進,4
前面,2
剛,2
剛史,1
剣道,3
剤,2
副,13
副作用,10
割,20
割り出す,1
割り当てる,1
割る,1
割れる,5
割合,8
割安,1
創,7
創作,1
創出,1
創平,1
創建,2
創成,1
創業,2
劇,5
劇場,1
劉,1
力,33
力づける,1
力強い,5
功,1
功績,3
加える,29
加わる,4
加入,3
加点,1
加盟,7
加算,8
加茂,1
加藤,3
加速,7
劣化,1
助,1
助かる,2
助け,1
助ける,4
助け合う,2
助成,22
助言,1
努める,15
努力,14
励ます,1
労働,9
労働党,4
労働省,8
労災,7
効く,1
効力,5
効果,16
効率,5
勇壮,1
勇気,2
勉強,5
動かす,1
動き,48
動き出す,2
動く,11
動ける,6
動作,1
動向,5
動機,3
動物,5
動画,5
動静,1
務め,2
務める,31
勝,9
勝ち,16
勝ち残る,1
勝ち越し,3
勝ち越す,3
勝ち進む,1
勝つ,49
勝てる,4
勝久,1
勝利,13
勝弘,1
勝手,1
勝浦,1
勝率,1
勝負,7
勝野,1
募集,8
勢,9
勢い,7
勢力,22
勤務,9
勧める,3
勧告,41
包む,1
包囲,1
包括,4
化,132
化す,1
化粧,1
北,31
北上,1
北九州,1
北京,5
北側,1
北國新聞社,3
北埼玉,1
北大西洋,2
北大阪,1
北川,6
北広島,2
北戴河,4
北方領土,2
北日本,2
北朝鮮,132
北村,7
北東,5
北極,1
北極圏,3
北海道,24
北照,2
北茨城,4
北西,7
北辰,1
北道,1
北部,29
北陸,4
匹,3
区,80
区内,2
区切る,1
区域,11
区間,4
医,1
医学,5
医学部,8
医師,3
医療,13
十,7
十分,61
千,1
千代田,2
千手観音,1
千本杉,5
千河原,2
千葉,31
升形,1
升形川,2
午前,126
午後,138
半,3
半ば,1
半分,4
半壊,9
半導体,1
半島,1
半年,3
半径,8
半数,7
半日,1
半球,1
卑わい,5
卒業,2
卓也,1
協会,13
協力,38
協同,1
協定,6
協調,2
協議,38
南,32
南アフリカ,1
南シナ海,22
南下,2
南京,7
南伊豆,1
南側,2
南北,10
南南東,2
南平,1
南東,3
南極,1
南沢,1
南海,5
南福岡,2
南米,1
南西,3
南部,51
単に,3
単独,2
単行,1
博,1
博物館,6
博行,2
占める,7
占領,1
印象,3
印象づける,1
危なげない,1
危ぶむ,1
危機,7
危険,80
即位,4
即時,1
卵,1
卸売,3
厘,5
厚い,2
厚手,1
厚生,8
原,2
原価,1
原則,6
原動力,1
原告,7
原因,39
原子,4
原子力,17
原料,6
原木,1
原材料,1
原案,2
原油,17
原点,2
原爆,47
原田,5
原発,31
厳しい,25
厳格,1
厳正,1
厳粛,2
厳重,31
去る,1
去年,85
参る,1
参事官,3
参列,4
参加,80
参戦,1
参考,4
参観,7
参議院,28
又市,2
及ぼす,2
友人,9
友好,3
友達,1
双方,19
反,19
反す,1
反する,1
反則,21
反対,12
反応,4
反映,8
反発,12
反省,4
反論,7
反逆,1
反面,1
収まる,7
収める,4
収入,3
収支,2
収益,3
収穫,8
収賄,8
収録,3
収集,3
取り,20
取りまとめる,3
取りやめ,2
取りやめる,7
取り仕切れる,2
取り付ける,1
取り入れる,1
取り出す,6
取り合う,1
取り囲む,2
取り外し,1
取り外す,1
取り外せる,2
取り引き,16
取り戻す,3
取り戻せる,6
取り押さえる,1
取り残す,2
取り消し,2
取り消す,5
取り組み,31
取り組む,25
取り組める,2
取り締まる,1
取り返す,1
取り除く,9
取る,55
取れる,6
取引,9
取得,13
取手,2
取材,42
受ける,189
受け付け,12
受け付ける,4
受け入れ,12
受け入れる,9
受け取り,1
受け取る,5
受け手,1
受け止める,15
受け渡し,3
受け皿,1
受け答え,1
受け継ぐ,2
受動,1
受注,4
受給,2
受診,2
受賞,7
受験,6
受験生,3
口,9
口出し,1
口大野,1
口座,2
口頭,1
古い,1
古代,1
古口,3
古文書,2
古来,1
叫ぶ,1
可決,4
可燃,1
可能,53
可那,2
台,30
台数,1
台湾,18
台頭,2
台風,164
叱責,2
史上,7
右,6
右手,4
右腕,1
右足,1
号,74
号機,5
号線,10
司令,2
司法,6
各,12
各党,2
各国,28
各地,47
各局,1
各社,10
各自,1
各駅,1
合,1
合う,7
合わさる,1
合わせる,89
合同,2
合唱,1
合図,1
合宿,12
合弁,4
合意,42
合格,10
合流,1
合間,1
吉兵衛,1
吉川,1
吉村,3
吉森,2
吉田,7
同じ,44
同じく,3
同僚,3
同居,1
同席,4
同意,1
同時,2
同時に,5
同様,2
同点,9
同盟,2
同窓会,1
同級生,3
同行,4
名,4
名付ける,2
名前,11
名古屋,20
名古屋大学,2
名字,1
名所,1
名指し,2
名産,1
名称,1
名簿,4
名誉,1
名護,1
名高,2
吐き気,1
向かい風,1
向かう,31
向き合う,2
向く,6
向け,20
向ける,123
向こう,4
向上,6
君,1
君ヶ浜,2
君代,1
否定,14
否認,9
含む,47
含める,25
吹きかける,2
吹き抜け,1
吹き降ろす,2
吹く,25
吹聴,1
吾,2
呉,28
告示,1
周り,9
周到,1
周囲,7
周年,1
周知,6
周辺,32
味方,2
味気,1
呼びかける,116
呼び出す,3
呼び捨て,1
呼び物,1
呼ぶ,42
呼吸,2
命,18
命じる,11
命令,3
和,4
和やか,1
和らげる,4
和久,1
和平,8
和明,2
和束,2
和歌山,19
和解,9
咲く,1
品,22
品川,2
品目,4
品種,4
員,66
哲,1
哲也,2
哲学,1
唯一,4
唱える,1
商品,9
商店,1
商業,3
商社,2
問い,1
問う,9
問題,118
啓,4
善意,1
喚起,1
喜ばす,1
喜び,3
喜ぶ,1
喫す,3
喫煙,1
営む,3
営業,14
営繕,1
嘉明,1
嘉村,6
器,3
器具,1
器用,1
噴出,1
噴霧,1
囃子,2
囚,2
四,8
四つんばい,1
四国,34
四国電力,2
四天王,1
四方,1
回,156
回し,1
回す,2
回り,3
回る,13
回収,1
回復,18
回戦,13
回数,4
回答,12
回線,1
回遊,1
団,27
団体,33
団地,1
団結,2
困る,5
困難,11
囲い込み,1
囲う,1
囲碁,1
図る,22
図面,1
固める,6
固定,5
固形,1
国,122
国々,7
国事,1
国交,1
国会,18
国体,1
国債,16
国公立,1
国内,33
国内外,7
国内線,2
国務,15
国務省,7
国名,5
国営,4
国土,18
国境,3
国外,3
国宝,2
国家,15
国富,2
国政,2
国旗,1
国民,28
国王,1
国産,1
国益,2
国立,13
国籍,2
国連,36
国道,9
国防,2
国防総省,3
国際,54
国際線,2
圏,5
園,12
園田,6
園長,1
土,2
土のう,2
土地,30
土壌,3
土山,1
土日,1
土曜日,1
土木,1
土浦,1
土産,1
土石流,10
土砂,95
土砂崩れ,12
圧倒,4
圧倒的,1
圧力,25
圧勝,3
圧迫,2
在,2
在り方,7
在任,1
在住,1
在宅,1
在庫,1
圭,2
地,71
地上,8
地下,15
地中,2
地中海,1
地元,49
地区,72
地図,3
地域,96
地域おこし,1
地帯,2
地形,2
地方,41
地方自治体,2
地方裁判所,6
地検,5
地滑り,11
地点,3
地球,6
地盤,2
地表,1
地質,4
地震,40
地面,4
坂,10
坂井,2
坂町,1
坂道,1
坐像,1
坪,1
坪田,1
垂れ下がる,2
垂直,1
型,10
型式,1
埋まる,2
埋める,2
埋め立て,1
埋め込む,1
城,5
城川,1
城東,1
城西,3
域,8
域内,3
域外,4
執行,6
基,16
基づく,17
基地,14
基幹,1
基本,10
基準,11
基盤,2
基礎,3
基金,2
埼玉,23
堀端,1
堂,4
堂々,3
堅一,1
堅持,2
堅調,1
堤,2
堤防,13
報告,50
報復,4
報道,15
報道陣,7
場,45
場合,34
場所,31
場面,11
堺,3
塁,1
塗り,1
塗る,2
塞ぐ,2
塩分,9
塩化ビニール,1
塩害,1
境,4
境内,2
境界,6
増,1
増える,50
増す,6
増やす,20
増やせる,1
増便,1
増加,13
増収,1
増員,1
増強,5
増殖,1
増毛,3
増水,20
増産,3
増益,1
増税,1
増進,3
増額,1
墜落,4
壁,6
壁画,1
壊れる,10
壊滅,2
士,25
声,37
声援,2
声明,25
売り上げ,16
売り買い,1
売る,10
売れ行き,2
売却,7
売店,1
売買,2
壽,5
変える,9
変わる,15
変則,1
変動,6
変化,25
変化球,8
変形,4
変更,13
変革,2
夏,67
夏休み,4
夕,1
夕方,25
夕日,2
夕食,2
外,17
外す,5
外れる,6
外交,11
外側,2
外傷,2
外出,6
外務,16
外務省,10
外国,34
外崎,1
外相,71
外角,1
外貨,2
外部,10
多,1
多い,77
多く,61
多大,1
多寡,1
多少,1
多彩,3
多摩,2
多摩川,5
多数,3
多様,2
多湿,1
多田,1
多発,3
多角,2
多言,1
多賀,2
多面,3
多額,2
夜,63
夜勤,2
夜市,2
夜明け,2
夜空,4
夢,6
夢路,4
大,61
大いに,4
大きい,45
大きな,73
大して,1
大リーグ,11
大久保,1
大事,8
大人,2
大仏,1
大会,165
大使,6
大使館,7
大分,8
大切,12
大前,1
大勢,11
大半,2
大口,1
大国,1
大型,21
大場,1
大塚,4
大塚家具,11
大声,3
大変,7
大学,68
大学生,5
大学院,1
大宮,1
大島,6
大崎,3
大工,1
大幅,11
大広間,1
大役,1
大手,25
大手町,1
大曲,1
大月,1
大根,2
大森,2
大正島,1
大気,24
大洲,6
大潟,5
大濠公園,2
大田,2
大田原,3
大竹,1
大筋,3
大統領,76
大臣,127
大蔵,3
大蕨,2
大谷,26
大豊,5
大都市,1
大野,1
大量,16
大阪,45
大阪城,2
大阪城公園,3
大阪学院大,2
大阪桐蔭,7
大阿久,3
大陸,2
大雨,47
大雪,1
大震災,8
天,8
天ぷら,1
天井,4
天候,5
天守閣,3
天気,1
天満橋,2
天然,1
天然記念物,2
天皇,1
天皇陛下,5
天神山,1
天童,2
太,5
太平洋,29
太平洋戦争,1
太田,1
太神,1
太鼓,1
夫,5
夫妻,5
夫婦,2
夫役,1
失う,11
失敗,4
失望,1
失業,6
失点,16
失速,1
奄美,12
奈良,23
奈良大,1
契機,1
契約,6
奥,2
奥原,5
奥州,2
奨,2
奨励,1
奪う,23
奪える,1
奪還,1
奮う,1
奮闘,1
女,1
女の子,17
女子,39
女学生,4
女形,1
女性,84
好き,2
好み,1
好投,4
好物,1
好調,6
妨げる,1
妨害,3
妹,3
妻,7
姉,1
始まり,2
始まる,50
始め,1
始める,81
始球,1
始発,2
委,1
委員,114
委託,3
姿,19
姿勢,27
娘,5
嫌,2
子,2
子ども,48
子会社,2
子育て,1
字,1
存在,6
存続,2
孝,1
孝弘,1
孝行,1
季節,2
孤立,4
学,12
学ぶ,5
学力,7
学区,5
学園,7
学年,1
学期,1
学校,27
学生,40
学童,1
学習,11
学芸,3
学術,1
学長,5
学院,5
孫,6
宅配,1
宇和島,7
宇宙,25
宇津木,1
宇都宮,2
宇陀,3
宇陀川,1
守,1
守り,3
守る,17
守れる,1
守一,1
守備,4
安,4
安い,6
安佐北,2
安保理,11
安倍,54
安倍晴明,1
安値,2
安全,66
安否,4
安定,15
安心,12
安打,7
安易,1
安浦,9
安登,1
安置,1
安芸,5
安達,2
完了,4
完全,38
完封,5
完成,14
完投,2
完敗,1
宍粟,2
宏,7
宗教,1
官,30
官僚,1
官房,13
官民,3
官邸,8
宙,1
定める,5
定員,3
定数,2
定期,4
定置網,3
定雄,1
宛てる,2
宝石,2
実,7
実に,2
実は,2
実利,1
実効,7
実務,1
実情,1
実感,5
実態,4
実施,34
実権,2
実現,37
実用,1
実相,1
実社会,1
実績,3
実行,14
実証,6
実質,3
実践女子大学,1
実際,25
実験,21
客,56
客員,1
宣言,21
宣誓,1
室,10
室内,9
室生,2
室長,1
宮内庁,2
宮城,9
宮寄上,1
宮崎,9
宮本,3
宮沢,2
宮里,1
害,1
家,81
家元,1
家光,3
家具,6
家屋,4
家庭,5
家族,40
家計調査,1
家賃,1
家電,1
容体,1
容器,1
容疑,40
容認,11
宿泊,18
寂しい,1
寄せる,10
寄り,14
寄り添う,2
寄付,9
寄居,3
寅,2
密接,1
密輸入,1
密集,1
富む,4
富士,2
富士吉田,2
富士宮,3
富士山,2
富士通,1
富山,3
富岡,2
富津,1
寒い,2
寛永,1
寝る,1
寝入る,1
寝屋川,6
察,2
察し,1
審,4
審判,33
審査,12
審理,2
審議,14
寸断,3
寺,4
寺内,2
寺町,1
対,94
対処,7
対外,2
対局,1
対応,138
対戦,28
対抗,10
対極,1
対決,3
対立,20
対策,111
対話,10
対象,48
寿,2
寿命,1
寿朗,1
封じ,4
封じる,1
封鎖,5
専務,2
専従,1
専用,4
専門,40
射殺,2
将来,13
将軍,4
尊い,2
尊厳,1
尊重,6
尋ねる,2
導く,2
導入,40
導火,1
小,5
小さい,6
小中学校,2
小中学生,3
小倉,1
小刻み,1
小国,1
小国川,2
小型,5
小型車,1
小売,1
小学,8
小学校,31
小学生,5
小屋,1
小屋浦,3
小山,6
小川,4
小幅,4
小指,1
小春,1
小松,1
小林,2
小池,17
小沢,2
小泉,1
小浜,5
小田原,17
小笠原諸島,10
小菅,3
小菊,4
小説,2
小論文,1
小谷,2
小野,2
小野寺,8
小銃,1
小銭,1
小高い,1
小鹿野,1
少し,14
少ない,8
少なくとも,10
少子化,2
少年,3
少数,3
少量,2
尖閣諸島,4
尚,1
就任,12
就労,1
就業,2
就職,2
尻,1
尻尾,1
尽くす,11
尽力,2
尾,3
尾崎,1
尾花,4
尾花沢,6
尿,1
局,30
局地,34
局長,19
局面,1
屈指,1
届,1
届く,5
届ける,5
屋,3
屋久島,6
屋外,4
屋根,10
展,5
展示,10
展覧,3
展開,12
層,6
履歴,1
履行,13
山,26
山あい,1
山下,1
山井,1
山口,9
山居,1
山屋,2
山崎,5
山形,80
山本,2
山東,2
山根,34
山梨,8
山田,1
山積,2
山縣,2
山荘,1
山車,1
山道,1
山間,2
山陽,1
山陽自動車道,5
山頂,2
岐阜,26
岐阜乗合自動車,1
岡,1
岡山,57
岡崎,1
岡本,6
岡田,4
岩,4
岩国,9
岩国錦帯橋,1
岩場,1
岩手,15
岩清水,2
岩渕,2
岩谷沢,1
岳,1
岸,1
岸壁,1
岸田,3
岸辺,1
島,47
島々,2
島内,2
島国,2
島根,1
崩す,6
崩れ,1
崩れる,4
崩れ落ちる,3
崩壊,4
崩落,2
川,58
川元,2
川勝,1
川口,5
川崎,9
川村,2
川端,4
川越,1
川遊び,1
州,16
巡,1
巡る,4
巡回,3
巡視,1
工,6
工事,23
工作,3
工場,20
工夫,1
工業,2
工芸,1
左,11
左右,2
左團次,3
左手,1
巧み,4
巧妙,2
巨人,9
巨大,7
巨額,6
差,9
差し,1
差し止め,1
差し迫る,1
差別,1
巻き込む,6
市,719
市ヶ谷,1
市内,43
市原,2
市営,2
市場,86
市川,5
市役所,5
市民,14
市町村,5
市立,3
市街地,3
市道,1
市野々,1
市長,33
布,1
布製,1
希,3
希望,15
師,12
師匠,1
師団,1
席,6
帯,12
帰り道,1
帰る,7
帰れる,1
帰国,12
帰宅,5
帰省,2
帰還,1
常に,1
常任,3
常務,2
常勤,1
常夫,1
常盤,2
常磐,2
常総学院,1
帽子,1
幅,7
幅広い,7
幕府,2
干る,1
干拓,12
干渉,1
平,10
平原,1
平和,46
平均,13
平安,2
平屋,2
平山,8
平岡,3
平年,15
平成,31
平方メートル,1
平日,6
平柳,1
平田,3
平石,1
平穏,1
平素,1
平群,3
平野,8
年,313
年々,3
年中,1
年代,5
年俸,1
年内,2
年収,1
年寄り,3
年度,10
年月,1
年末年始,1
年率,1
年生,30
年貢,1
年間,30
年齢,10
幸せ,3
幸一郎,1
幸子,3
幸浩,1
幸雄,1
幹,1
幹事,28
幹部,20
幹雄,1
幼い,2
幼稚園,2
庁,27
広,1
広い,25
広がり,1
広がる,25
広げる,14
広める,1
広之,2
広報,3
広場,2
広大,1
広島,114
広島大学,4
広島空港,1
広瀬,6
広範囲,3
庄内,7
床,10
床上,4
床下,2
序盤,4
底,1
底上げ,1
店,23
店内,3
店員,1
店舗,14
庚,1
府,26
府中,1
府内,5
府県,3
府警,2
度,199
度合い,1
座る,2
座席,10
座談,1
座長,2
庭園,2
康生,1
廃,6
廃れる,1
廃棄,15
廃業,1
廃止,6
廃絶,9
廉,1
廊下,1
廣田,6
延ばす,1
延べ,1
延岡,1
延期,6
延焼,1
延長,19
建つ,1
建て,8
建てる,4
建て替え,2
建屋,2
建物,34
建設,45
建造,5
弁当,1
弁護,1
弁護士,4
式,53
式典,40
式次第,1
引き上げ,12
引き上げる,19
引き下げ,1
引き下げる,5
引き出す,2
引き分ける,5
引き揚げる,2
引き渡し,4
引き渡す,3
引き立つ,1
引き継ぎ,3
引き続き,24
引き続く,6
引き締まる,1
引き締め,1
引き締める,1
引き落とす,1
引き起こす,2
引き込む,2
引く,4
引っ張る,3
引っ越し,6
引火,4
引用,1
弘,1
弘前,1
弘明,1
弥谷,2
弦,1
張り替える,1
張る,1
強い,79
強いる,2
強まる,12
強み,1
強める,26
強制,7
強力,5
強化,54
強度,3
強引,2
強打,1
強権,4
強烈,1
強盗,3
強硬,1
強調,33
強豪,2
強風,19
弾,5
弾み,1
弾道,16
当,2
当たり,12
当たる,18
当事者,4
当分,1
当初,9
当地,1
当局,21
当座,1
当日,2
当時,35
当社,1
当選,6
当面,5
形,15
形骸,1
彦根,1
彩る,4
彩花,1
影響,162
役,3
役に立つ,3
役割,8
役員,15
役場,4
役立つ,5
役立てる,1
役職,1
彼ら,5
彼女ら,2
待ち時間,1
待ち望む,1
待つ,12
待機,9
律夫,1
後,62
後ろ,4
後世,2
後半,8
後悔,1
後押し,6
後援,2
後期,1
後続,1
後藤,1
後退,4
徐々に,2
徒歩,2
従う,5
従来,3
従業,15
得る,23
得意,6
得点,8
得票,3
御前崎,1
御苑,4
復帰,12
復旧,36
復活,4
復興,35
循環,1
微妙,1
微生物,1
徳山,1
徳島,3
徳川,2
徳次,2
徳治,1
徴用,4
徹す,1
徹也,2
徹底,6
心,8
心から,1
心がける,1
心境,3
心強い,1
心情,1
心拍,1
心構え,1
心理,2
心痛,1
心的,2
心肺,2
心臓,1
心身,2
心配,5
必ず,1
必死,1
必要,104
忍法,1
忍者,3
志位,2
志信,1
志向,3
志和,1
志学,4
志穂,1
忘れる,8
応える,3
応じる,32
応募,4
応地,7
応急,3
応援,8
応用,2
応酬,1
忠勝,1
忠司,1
忠太,1
忠男,1
念頭,9
怒る,1
怒鳴りつける,2
思い,17
思いきり,1
思いとどまる,2
思いやり,1
思い出,3
思い出す,1
思い切る,2
思い描く,1
思う,85
思わず,2
思惑,2
思慮,2
思春,1
怠慢,1
急,2
急きょ,1
急ぐ,26
急ピッチ,1
急増,4
急激,4
急行,1
急速,5
性,142
性別,1
性急,1
性格,3
性的,9
性質,1
恐ろしい,2
恐怖,1
恒例,1
恒常,2
恥,1
恥じる,2
恥ずかしい,1
恩,3
恩返し,6
恭,1
息,2
息子,14
恵,1
恵まれる,1
恵美子,1
恵里,1
悔しい,10
悟,2
悠,1
患う,1
患者,3
悦子,1
悩み,4
悩む,3
悪い,11
悪化,12
悪口,1
悪天候,3
悪影響,4
悪意,1
悲しい,2
悲しみ,4
悲しむ,1
悲劇,2
悲惨,3
悼む,2
情勢,12
情報,125
惇,1
惠,1
惠美,2
惣,1
惨事,2
想像,4
想定,17
意,1
意向,9
意味,10
意味合い,1
意図,4
意外,1
意思,10
意欲,8
意気込み,8
意気込む,1
意義,3
意見,42
意識,28
愛,3
愛す,1
愛らしい,2
愛媛,25
愛媛大学,3
愛弓,1
愛犬,6
愛着,2
愛知,7
愛称,2
感,12
感じ,3
感じる,18
感動,5
感想,2
感慨深い,2
感染,1
感覚,3
感謝,5
態勢,7
態度,6
慎,1
慎太郎,1
慎重,18
慢性,1
慣らす,1
慣れる,4
慣行,1
慧,1
慰霊,5
慶,1
慶太,1
慶応,3
憂さ晴らし,1
憂慮,1
憧れる,1
憩い,1
憲,1
憲法,7
懇談,11
懐疑,3
懲役,2
懲戒,7
懸命,1
懸念,38
懸案,1
成,1
成し遂げる,2
成り立つ,1
成分,2
成功,1
成果,3
成田,27
成田空港,20
成立,7
成績,3
成長,20
我慢,1
戦,51
戦い,5
戦う,5
戦争,8
戦列,1
戦前,1
戦力,2
戦後,2
戦時,3
戦略,10
戦闘,3
戸,18
戸沢,16
戻す,2
戻る,10
所,44
所信,1
所存,1
所属,19
所有,3
所沢,1
所管,2
所蔵,2
所長,2
扇子,2
扇風機,3
扉,3
手,32
手がかり,4
手がける,12
手すり,1
手ほどき,1
手伝う,4
手前,2
手助け,4
手動,1
手口,4
手帳,1
手当,1
手当て,7
手押し,1
手段,8
手法,2
手渡し,1
手渡す,2
手紙,1
手続き,15
手術,5
手足,3
手軽,4
手配,1
手間,1
手順,1
手首,1
才,1
才能,2
打,3
打ちつける,1
打ち上げる,3
打ち上げ花火,1
打ち出す,5
打ち出せる,1
打ち切る,2
打ち取る,2
打ち寄せる,1
打ち崩せる,1
打ち明ける,1
打ち込む,2
打ち返す,2
打つ,28
打つ手,1
打てる,1
打席,22
打撃,1
打撲,1
打数,4
打楽器,1
打点,5
打率,6
打線,8
打者,10
打開,1
打順,1
払い,1
払う,3
払拭,1
扱い,3
扱う,2
批判,42
承認,5
技,3
技法,1
技能,1
技術,23
把握,9
抑え,1
抑える,26
抑え込む,2
抑制,2
投げつける,2
投げる,20
投げ込む,1
投下,16
投了,1
投入,2
投手,53
投棄,1
投球,1
投票,26
投稿,17
投資,25
投開票,1
抗争,1
抗体,1
抗議,9
折りたたみ,1
折り返し,2
折り返す,1
折る,4
折れる,6
折尾,2
抜く,3
抜ける,7
抜け穴,1
抜け落ちる,1
抜本,3
抜群,1
披露,7
抱える,2
抱く,1
抱負,3
抵抗,1
抵触,1
抹消,4
抹茶,1
押さえる,1
押し上げる,1
押し下げる,1
押し倒す,1
押し入る,1
押し出す,1
押し寄せる,3
押す,1
押収,4
抽選,2
担い手,1
担う,6
担ぐ,1
担任,1
担保,2
担当,36
拉致,24
拍手,4
拒否,6
拓海,1
拓馬,1
拘束,8
招く,7
拝む,1
拠出,4
拠点,15
拡充,2
拡大,27
拡散,2
拾う,3
持ちかける,1
持ち上げる,2
持ち主,2
持ち前,1
持ち合わせる,1
持ち味,8
持ち寄る,1
持ち物,1
持ち直す,2
持ち込む,3
持つ,40
持てる,2
持病,2
持続,3
指,2
指値,1
指名,7
指定,23
指導,21
指摘,70
指数,6
指標,10
指示,40
指針,1
指首野川,4
挑む,2
挑戦,12
挙げる,24
挟む,1
挫傷,1
振りかざす,1
振り付け,1
振り向く,2
振り回す,3
振り返る,6
振る,4
振るう,2
振れる,1
振付,1
振興,8
捉える,3
捕まえる,2
捕まる,1
捕捉,1
捕獲,3
捜す,4
捜査,20
捜索,20
捨てる,1
据える,1
据え置く,1
掃き出す,1
掃討,2
授与,1
授乳,6
授業,5
授賞,5
排ガス,1
排出,7
排水,9
排除,2
掘り起こし,2
掘り起こす,2
掘る,1
掛け,1
掛け声,1
掛川,6
採る,1
採択,6
採用,5
探す,5
探る,3
探査,1
探知,1
接する,1
接待,4
接続,3
接触,4
接近,33
控える,13
推し進める,1
推す,2
推定,2
推察,1
推測,1
推移,5
推薦,3
推計,3
推進,5
措置,60
掲げる,10
掲載,2
描く,11
提供,15
提出,18
提唱,1
提携,12
提案,7
提示,1
提言,8
提訴,1
換え,1
換気,1
換算,2
握る,5
握手,1
援助,1
援護,2
揺さぶり,1
揺さぶる,1
揺らぐ,1
揺らめく,1
揺るがす,2
揺れ,2
揺れる,1
損なう,2
損ねる,2
損壊,4
損失,1
損害,13
損益,2
搬入,2
搬出,1
搬送,35
搭載,8
携わる,4
携帯,11
摂取,1
摩擦,21
撤去,22
撤収,6
撤回,3
撤退,2
撮す,2
撮る,3
撮影,10
撲滅,2
擁立,1
擁護,1
操作,9
操業,6
操縦,3
支える,8
支出,4
支店,1
支所,5
支払い,4
支払う,6
支持,46
支援,77
支社,1
支給,3
支配,4
支障,3
改ざん,1
改めて,28
改める,1
改修,4
改善,16
改定,3
改札,2
改正,5
改革,9
攻める,4
攻め込む,1
攻撃,11
攻略,2
放つ,1
放射状,1
放射線,4
放水,1
放流,7
放置,2
放送,3
政令,2
政党,7
政務,2
政府,111
政教,1
政権,87
政治,14
政策,46
故意,1
敏い,1
敏伸,1
救う,1
救出,1
救助,8
救国,2
救急,6
救護,1
敗れる,9
敗訴,2
敗退,3
教える,3
教員,6
教委,1
教室,4
教師,4
教徒,2
教授,26
教材,1
教職員,2
教育,25
教訓,4
教諭,8
教頭,13
散乱,2
敦煌,7
敬意,1
数,73
数々,1
数える,1
数値,4
数多い,2
数字,1
数学,6
整う,3
整える,8
整備,32
整列,1
整合,1
整理,1
敵,2
敵対,1
敵対心,2
敵討ち,1
敷く,4
敷地,4
文,3
文化,11
文化庁,7
文化財,3
文句,1
文広,1
文書,22
文男,2
文章,2
文言,4
文部,48
斎,12
斗,6
料,9
料理,1
料金,5
斜面,1
斬新,1
断じて,2
断ち切る,1
断る,3
断定,1
断念,1
断水,10
断熱,1
断続,8
断腸,1
新,10
新しい,10
新た,88
新人,3
新原,2
新型,13
新堀,1
新宿,5
新幹線,6
新庄,16
新日鉄,1
新潟,17
新町,1
新聞,5
新興,1
新華社通信,1
新規,2
新設,1
新里,1
新鋭,3
新鮮,1
方,14
方々,4
方向,19
方式,1
方法,13
方策,1
方針,65
施す,1
施策,1
施行,2
施設,46
旅,1
旅客機,12
旅行,14
旅館,1
旗,5
日,1100
日付,1
日傘,2
日光,5
日南学園,3
日大,28
日大三,1
日常,5
日曜日,1
日本,306
日本ハム,2
日本一,2
日本人,26
日本円,9
日本棋院,1
日本海,15
日本航空,1
日本語,2
日本赤十字社,2
日照,1
日産,4
日産自動車,2
日田,5
日程,7
日米地位協定,4
日系,7
日経,3
日赤,1
日銀,30
日間,13
日陰,1
日頃,1
日高,1
旧,17
旧石器時代,1
早,1
早い,24
早くから,2
早め,9
早める,8
早急,10
早朝,3
早期,13
早稲田大学,2
早速,4
旬,1
旭川,1
旭川大,1
昂,1
昇進,1
昌一,1
昌子,2
昌平,1
明,13
明かす,2
明かり,1
明け,2
明ける,2
明け方,4
明らか,77
明るい,5
明倫,2
明日,2
明暗,2
明治,3
明石,1
明確,4
明記,4
昔,1
星,3
星稜,1
映し出す,1
映る,5
映像,24
映画,18
春,18
春日部,1
春江,2
春美,1
昨,1
昨今,1
昨年度,3
昭和,17
是正,2
是非,3
昼,17
昼前,5
時,209
時々,1
時代,18
時代遅れ,1
時刻,4
時効,3
時半,34
時折,2
時期,32
時点,14
時計,2
時速,1
時間,186
晟,1
普及,6
普天間,2
普通,8
普遍,1
景,1
景勝,1
景子,1
景気,16
景観,1
晴,1
晴らす,2
晴れ,1
晴れる,13
晴子,1
智久,1
智弁和歌山,2
暇,1
暉,1
暑い,82
暖か,2
暖かい,17
暫定,7
暮らし,9
暮らす,4
暮らせる,3
暴れる,1
暴力,1
暴力団,3
暴徒,3
暴漢,1
暴行,6
暴風,15
曇る,3
曲,2
曲がる,2
更新,15
更衣,3
書,39
書き込み,4
書き込む,6
書く,7
書簡,2
書記,1
書道,2
書面,4
書類,3
替え,1
最,9
最も,63
最上,9
最上川,10
最上級,1
最下位,1
最中,6
最低,4
最優秀,2
最先端,2
最初,11
最善,1
最多,4
最大,83
最大手,3
最大限,3
最小限,2
最少,2
最年少,1
最後,18
最悪,1
最新,18
最短,1
最終,33
最近,7
最速,3
最適,1
最長,1
最高,56
最高裁,1
月,61
月刊,3
月曜日,1
月末,1
月間,1
月額,1
有利,1
有力,8
有効,14
有名,1
有害,2
有形,1
有志,5
有数,5
有料,2
有明海,1
有権者,7
有罪,2
有識者,4
服,1
望,2
望む,3
朝,58
朝日新聞社,1
朝間,2
朝鮮,10
朝鮮半島,9
期,10
期す,2
期待,19
期日,1
期間,19
期限,8
木,4
木子,1
木材,1
木造,5
木陰,1
未,2
未明,10
未来,5
未満,4
未遂,2
末,15
本,37
本人,4
本体,2
本合海,6
本名,1
本土,4
本堂,1
本学,2
本尊,4
本州,1
本庄,1
本当,1
本当に,6
本拠地,6
本来,4
本格,10
本業,1
本殿,3
本田,5
本町,3
本番,4
本社,3
本荘,1
本部,25
本館,2
札幌,3
朴,1
杉,1
杉並,2
杉浦,1
杉田,10
杉谷,1
李,2
材,1
材料,2
材質,1
村,44
村山,1
杜氏,1
条,2
条件,12
条例,2
条約,12
来る,45
来世,1
来年,27
来年度,3
来日,1
来月,46
来週,9
杯,2
東,24
東アジア,5
東シナ海,5
東京,156
東京医科大学,10
東京大学,1
東京湾,1
東京電力,14
東側,4
東北,47
東北東,2
東北電力,2
東南アジア,15
東南東,1
東坂下,1
東大阪,1
東宮御所,1
東山,2
東川,2
東広島,5
東方,1
東日本,40
東本郷,1
東根,1
東海,11
東海大,1
東海岸,2
東海道新幹線,2
東証,3
東部,8
東風,3
松井,3
松和,1
松坂,2
松山,5
松本,7
松江,2
松浦,1
松葉,1
松阪,2
板,1
板橋,2
板門店,2
枕崎,1
枕木,5
林,12
林檎,3
林道,3
林野,1
枚,3
果,4
果たして,1
果たす,26
果実,1
果敢,2
果樹,1
果物,2
枝,2
枝野,2
枠,4
枠組み,7
枯れる,1
柏,5
柏レイソル,1
柏倉,2
柏原,1
柏崎,3
柏谷沢,1
柔軟,7
柔道,3
柱,2
柱時計,1
柳山津興,1
柴山,1
柵,2
柿木,1
栂野,1
栃木,20
栄,1
栗栖,1
校,10
校外,1
校庭,6
校舎,4
校長,5
株,5
株主,2
株価,19
株式,19
核,48
核保有,8
核兵器,35
核軍縮,11
根尾,1
根拠,3
根本,4
格付け,2
格安,2
格差,2
桂,5
桂川,1
桃,11
桃田,25
案,19
案件,2
案内,4
桐生,2
桑名,1
桜井,1
桜沢,1
桟橋,2
梅河,1
梅雨,2
梳る,1
梶谷,4
棋士,1
棒,2
棚,1
棚橋,1
棟,30
森,8
森下,1
森口,1
森林,2
森田,4
森谷,2
植える,4
植民,1
植野,1
椎名,3
検事,2
検出,2
検察,5
検察庁,1
検挙,1
検査,10
検知,1
検索,1
検討,101
検証,16
楢葉,2
業,6
業務,19
業界,10
業種,1
業績,12
業者,8
極めて,9
極東,2
楽,1
楽しい,8
楽しみ,5
楽しむ,12
楽しめる,3
楽器,1
楽天,9
楽観,1
榎,2
榎田,1
槇島,2
構え,3
構内,5
構想,3
構成,2
構築,9
構造,2
様子,27
様式,1
樋口,5
標本,1
標的,1
標高,1
模,1
模範,1
模索,4
権,16
権利,3
権限,2
横,3
横付け,2
横山,3
横断,2
横浜,11
横浜スタジアム,1
横田,1
横行,1
横転,1
横須賀,4
横領,5
横風,1
樹木,1
橋,8
橋本,1
橋渡し,3
橋詰,5
機,18
機会,4
機体,14
機内,4
機動,1
機器,8
機嫌,1
機材,1
機械,6
機構,10
機知,2
機能,11
機転,2
機運,3
機長,1
機関,40
欠く,4
欠如,1
欠席,2
欠航,11
欠陥,1
次,29
次々,7
次いで,7
次ぐ,2
次に,2
次官,1
次第,5
次長,1
欧米,5
欲,1
歌,1
歌う,1
歌手,1
歌舞伎,8
歓声,4
歓迎,6
止まる,7
止め,1
止める,7
正,4
正々堂々,1
正しい,2
正人,4
正午,11
正和,2
正常,2
正座,1
正式,11
正当,7
正彦,2
正明,1
正木,1
正樹,1
正直,5
正確,5
正芳,1
正裕,1
正規,2
正面,6
武司,1
武器,1
武田,1
武者,1
武術,1
武装,1
歩,5
歩く,15
歩ける,1
歩み,1
歩み寄る,1
歩む,1
歩行,1
歩道,2
歯止め,2
歳,127
歳児,3
歳費,2
歴史,10
死,4
死ぬ,1
死亡,88
死体,1
死刑,4
死因,8
死没,2
死者,7
残,1
残す,10
残せる,1
残り,2
残る,15
残塁,1
残念,9
殴る,8
段,8
段ボール,1
段階,12
殺す,3
殺人,9
殺害,16
毅,8
母,1
母乳,5
母親,21
母語,1
毎回,1
毎年,10
毎日,4
毎月,1
毎週,1
比,2
比べる,38
比例,2
比嘉,3
比江,4
比較,4
比較的,1
氏,71
氏原,1
氏子,1
民,2
民主,11
民主党,26
民俗,1
民家,1
民政,1
民族,3
民進党,3
民間,16
気,4
気さく,1
気づく,3
気付く,2
気候,4
気分,2
気圧,13
気持ち,19
気持ちよい,1
気流,3
気温,101
気象,10
気象台,8
気象庁,102
気迫,1
水,74
水かさ,1
水位,27
水分,26
水力,1
水域,2
水害,4
水彩,1
水戸,1
水曜日,1
水槽,2
水深,3
水温,7
水源,1
水準,12
水産,15
水産庁,2
水脈,4
水蒸気,1
水質,1
水路,1
水遊び,4
水道,5
水銀,1
氷,4
氷山,1
氷水,1
氷河,1
永久,2
永原,6
永遠,1
氾濫,46
求め,2
求める,130
求人,4
汗,2
汚す,1
汚れる,1
汚染,6
汚職,4
江,1
江原,1
江島,1
江戸,7
江戸川,1
江東,3
池,1
決して,1
決まり,1
決まる,22
決める,80
決勝,29
決壊,6
決定,34
決心,1
決意,6
決断,3
決済,4
決着,5
決算,24
決裂,1
決議,18
沈む,2
沈静,1
沖,12
沖合,4
沖縄,19
沢,2
沢地,2
河,1
河北,1
河原,1
河口湖,2
河川,5
河川敷,6
河津,3
河野,24
油,2
治,2
治める,2
治安,4
治山,3
治療,6
沼田西,1
沿い,8
沿う,1
沿岸,7
沿線,1
沿道,2
泊,1
泊まる,1
泊める,1
法,25
法人,10
法令,4
法夫,1
法律,8
法文学部,1
法案,7
法王,3
法的,4
法要,3
波,17
波佐見,3
波及,1
波左間,1
波打ち際,1
波紋,5
波風,1
泣く,2
泥,13
注ぐ,3
注意,60
注意報,1
注文,5
注目,24
注視,7
泳ぐ,3
洋上,4
洋介,1
洋児,1
洋史,1
洋子,1
洋平,1
洗い流す,4
洗い落とす,1
洗浄,3
洛,1
津,9
津山,3
津波,13
津谷,2
洪川,1
洪水,4
洲崎,1
活動,46
活性,2
活用,23
活発,9
活躍,11
派,40
派遣,12
派閥,21
流す,23
流れ,10
流れる,21
流れ込む,28
流入,2
流出,4
流域,2
流用,13
流通,3
浄化,2
浄水,3
浅利,1
浅川,1
浅野,1
浜,1
浜松,2
浦和レッズ,1
浦田,1
浩一,1
浩司,3
浪,5
浪曲,2
浪江,1
浪漫,1
浮き彫り,5
浮く,2
海,23
海上,55
海域,4
海外,13
海岸,8
海峡,6
海抜,1
海水,3
海水浴,5
海沿い,3
海洋,9
海浜,2
海軍,1
海部,1
海面,1
浸水,50
消し止める,3
消息,5
消毒,5
消火,7
消費,16
消防,51
消防庁,8
消防署,1
消防車,1
涙,1
涙ぐむ,1
液,6
液晶,4
涼,1
涼しい,4
涼しげ,2
涼む,2
淡水,1
淡路,3
深い,9
深まる,4
深める,6
深刻,11
深夜,1
深浦,3
深谷,2
淳,2
淵,1
混ぜる,2
混乱,8
混入,2
添乗,4
添田,1
清川,2
清彦,1
清掃,5
清水,1
清水寺,1
渇く,1
済,2
済ます,1
済ませる,1
済み,11
渋滞,4
渋谷,2
減らす,6
減る,14
減収,1
減少,21
減点,2
減益,2
減速,1
減額,5
渡す,2
渡り初め,1
渡る,8
温,3
温室,7
温度,7
温暖,11
温泉,4
測る,2
測定,5
港,4
港湾,1
湖,1
湖畔,1
湖面,3
湘南,1
湧別,1
湯,3
湯川,1
湯沢,2
湯河原,1
湾,13
湾岸,2
湿る,11
湿度,2
満たす,2
満ちる,1
満則,1
満員,4
満塁,4
満島,3
満期,1
満杯,1
満水,1
満潮,2
満点,2
満足,4
源,1
準,6
準々,5
準備,19
準決勝,7
溝,3
溝口,1
溶ける,5
溺れる,9
滋賀,9
滑らか,1
滑る,2
滑走,31
滝川,3
滝沢,1
滞る,1
滞在,7
滴滴,1
漁,2
漁労,1
漁協,1
漁場,3
漁師,1
漁業,13
漁港,7
漁獲,6
漆,2
漏えい,3
漏れ,4
漏れる,4
演じる,2
演出,25
演劇,2
演習,8
演芸,1
演説,6
漫才,4
漫画,4
潘,1
潮,1
潮位,8
潮流,1
潰し,1
澤,1
激しい,85
激化,5
激甚,2
濃度,2
濃縮,2
瀬,13
瀬見,8
火,14
火の粉,2
火事,22
火元,4
火星,1
火曜日,1
火柱,1
火災,11
火花,3
火薬,1
災害,112
炉,11
炊き出し,1
炎,1
炎上,2
炭坑,1
炭素,1
点,82
点数,6
点検,1
点滴,3
為替,3
無,13
無い,2
無事,8
無休,1
無作為,2
無償,1
無党派,2
無効,4
無差別,1
無形,1
無得点,1
無意味,1
無所属,2
無料,7
無断,3
無知,1
無礼,1
無線,1
無職,2
無視,1
無謀,1
無責任,3
焦り,2
焦る,2
焦点,9
焼,1
焼き鳥,2
焼ける,7
焼け跡,2
焼却,2
焼失,5
焼香,1
煙,5
煙火,1
照,1
照りつける,10
照夫,2
照明,2
煮る,3
熊本,11
熊谷,12
熊野,3
熱,3
熱い,3
熱す,1
熱中,86
熱海,6
燃える,3
燃え広がる,2
燃え移る,1
燃料,12
燃費,2
爆心,4
爆発,13
爪,1
父,3
父島,2
父母,1
父親,11
片づける,7
片瀬,1
片瀬海岸,1
版,2
牛,1
牛山,3
牛房野,3
牧師,2
物,24
物価,20
物価高,2
物産,5
物置,3
物語,3
物資,3
物質,6
特,1
特に,21
特例,1
特別,16
特定,11
特徴,3
特捜,7
特攻隊,1
特有,1
特産,6
犠牲,23
犬,1
犬上川,2
犯人,5
犯罪,2
犯行,3
状,5
状態,64
状況,70
狂言,10
狙い,18
狙う,12
狩り,2
狩川,4
独占,4
独特,1
独立,8
独自,5
独裁,6
狭い,3
狭まる,1
狭める,1
猛攻,2
猛暑,50
猛烈,40
猶予,3
猿,1
獲得,25
玄関,7
率,37
率いる,9
率直,2
玉,2
玉島,1
玉川,2
王,11
王冠,3
王国,1
王妃,1
王者,1
珍しい,4
班,2
現れる,2
現代,2
現在,54
現地,31
現場,32
現実,2
現役,3
現時点,4
現状,13
現職,8
現象,11
現金,3
球,5
球団,6
球場,13
理不尽,1
理事,46
理学,1
理屈,1
理念,3
理由,24
理科,6
理花,1
理解,19
琉球大学,1
琢,1
瑞貴,1
瑠美,1
環境,27
環境省,14
環太平洋,1
環状,3
瓶ビール,1
甘い,2
甘み,1
甚大,7
生,13
生える,1
生かす,10
生きる,7
生じる,5
生まれ,1
生まれる,4
生み出す,3
生命,3
生存,2
生年月日,1
生後,2
生徒,26
生息,3
生活,47
生涯,2
生物,3
生産,28
生鮮,1
産,8
産み落とす,2
産卵,4
産地,5
産業,29
用,11
用いる,1
用地,1
用意,15
用水,1
田んぼ,2
田上,4
田中,21
田代,1
田原,5
田沢,1
田無,1
田窪,1
由利,1
由岐子,2
由恵,1
由紀,1
甲信,14
甲子園,28
甲府,9
甲賀,3
申し上げる,4
申し入れ,2
申し出,1
申し合わせる,2
申し立て,3
申し立てる,3
申し訳,8
申し込み,3
申し込める,1
申告,1
申請,9
男,19
男の子,14
男女,13
男子,41
男性,80
男鹿,4
町,164
町内,6
町議会,4
町長,2
画,1
画像,5
画家,1
画策,2
画質,2
画面,2
界,3
畑,7
畑山,1
畑岡,3
畑沢,1
留学,1
留意,2
畜産,1
略式,1
略称,1
番,26
番号,4
番目,8
番組,5
異なる,7
異例,13
異変,2
異常,6
異論,2
異議,5
畳,1
疎通,2
疑い,40
疑う,4
疑問,5
疑惑,8
疲れ,7
疲れる,1
疲労,2
病,5
病気,10
病理,3
病院,54
症,98
症状,32
痛い,1
痛み,2
痛める,1
痛感,2
療法,1
療養,1
癒着,1
発,9
発す,1
発する,1
発信,11
発効,5
発動,35
発売,1
発射,5
発展,9
発心,1
発揮,1
発注,2
発生,35
発着,7
発給,1
発行,3
発表,133
発見,6
発覚,4
発言,19
発足,3
発車,13
発達,21
発電,5
登場,3
登山,11
登板,7
登校,2
登竜門,1
登美子,1
登録,11
白,1
白い,2
白む,1
白人,1
白山,2
白星,1
白昼,2
白熱,5
白菜,2
百,1
百貨店,1
的,311
的場,1
皆さん,9
皆様,3
皇位,3
皇后,1
皇太子,10
皇室,3
皇族,1
皮,1
皮肉,1
皮肉る,1
皮膚,1
盆踊り,1
盗,2
盗む,6
盗る,1
盗塁,2
盛,1
盛り上がり,2
盛り上げる,4
盛り土,3
盛り込む,13
盛ん,3
盛岡,4
盛川,1
監督,42
監視,13
目,88
目の当たり,2
目安,8
目指す,57
目撃,2
目標,34
目的,14
目立つ,5
目線,1
目配り,1
目黒,1
直す,4
直ちに,10
直下,1
直也,1
直人,2
直前,5
直売,1
直射,2
直径,3
直後,10
直接,16
直撃,1
直線,1
直近,1
直進,1
直面,1
相,2
相乗,1
相互,4
相反,2
相場,5
相対,1
相当,9
相手,52
相手取る,1
相模,1
相模原,3
相次ぐ,57
相談,7
盾,5
省,73
省エネ,2
省内,2
省庁,5
看板,11
看護,5
看過,1
県,552
県内,34
県営あづま,3
県政,1
県民,1
県知事,2
県立,5
県警,1
県議会,5
県道,5
真,3
真っ盛り,1
真に,1
真備,13
真司,1
真哉,1
真夏,1
真奈,2
真実,2
真室川,7
真庭,1
真意,1
真摯,2
真未,1
真正面,1
真珠,1
真相,3
真美子,1
真鶴,3
眠らせる,1
眠る,1
眼鏡,1
着,1
着く,3
着ける,1
着こなし,2
着る,2
着付け,1
着実,16
着替える,2
着物,1
着脱,1
着陸,15
睡眠,1
睡眠薬,2
瞬間,28
矛盾,2
矢,3
矢印,1
矢地,1
矢掛,1
矢越,1
矢野,1
矢野東,2
知らせ,2
知らせる,5
知り合う,3
知る,32
知也,1
知事,32
知人,8
知恵,1
知的,7
知能,11
知良,1
知識,4
短,2
短い,4
短冊,3
短時間,16
短期大学,7
短縮,3
短距離,2
石,6
石器,1
石垣,1
石崎,3
石川,9
石橋,1
石毛,3
石油,5
石炭,3
石田,1
石破,13
砂浜,2
砂漠,1
砂防,1
研修,11
研究,26
研究所,10
砕ける,1
砲弾,1
破る,5
破壊,5
破損,2
破裂,7
砺,1
硬い,1
碁,1
碁聖,3
碑,5
確かめる,2
確保,24
確固,1
確固たる,1
確定,11
確実,8
確率,1
確約,1
確認,122
示す,141
示唆,2
社,18
社会,39
社債,1
社員,3
社団,1
社殿,1
社民党,3
社長,7
祈り,5
祈る,2
祈念,3
祐,1
祖先,1
祖母,2
祝う,1
祝宴,1
祝日,2
祝福,2
神奈川,26
神戸,5
神戸製鋼,1
神社,2
神経,4
神経質,1
祥,1
票,12
祭,4
祭り,13
禁じる,5
禁止,18
禁物,1
福,4
福井,17
福原,1
福山,3
福岡,29
福岡大学,1
福岡空港,1
福島,48
福島第二原子力発電所,2
福本,1
福浦,1
福田,2
福知山,1
福祉,11
秀,1
秀喜,1
秀朗,1
私,26
私立,6
私鉄,1
秋,7
秋ノ宮,1
秋津,1
秋田,31
科,3
科す,8
科学,64
秒,5
秒間,1
秘密,2
秘書,3
秩序,2
称す,1
移す,6
移せる,1
移り住む,2
移る,3
移住,2
移動,10
移植,1
移民,3
移籍,5
移行,3
移設,3
移譲,1
移転,26
程度,32
税,6
税収,1
税金,1
稔,1
種,1
種まき,1
種子島,3
種目,11
種類,5
稲穂,2
稼ぐ,1
稼働,4
稽古,1
積み上げる,1
積み替え,3
積み替える,2
積み込む,2
積み重ねる,1
積む,4
積もる,1
積乱雲,3
積極,7
積載,1
穏やか,1
穴,3
究明,6
空,2
空き,4
空き家,1
空く,3
空振り,4
空気,14
空港,12
空爆,8
空調,1
空車,1
空間,4
突き上げる,1
突き放す,1
突く,2
突っ込む,4
突然,11
突発,1
突破,2
突風,10
窃盗,2
窓,7
窪田,1
立ち,2
立ちこめる,1
立ち上がり,4
立ち会い,2
立ち入る,5
立ち去る,1
立ち向かう,2
立ち寄る,2
立つ,14
立てる,3
立て直し,5
立て直す,2
立候補,4
立命館大,1
立命館大学,1
立国,1
立地,2
立場,18
立川,3
立往生,3
立憲,12
立方メートル,2
立案,1
立派,3
立間,1
竜巻,13
章,1
端,1
競い合う,1
競う,9
競り,2
競り勝つ,1
競り合い,3
競り合う,1
競争,5
競技,29
競歩,2
竹,2
竹ざお,2
竹下,25
竹中,1
竹原,1
竹林,3
竿,9
笑う,2
笑顔,9
笛,1
第,114
第一線,1
第三者,18
筆頭,1
等,3
等分,3
筋,1
筑波大学,2
答える,6
策,26
策定,14
管,4
管区,3
管理,40
管理庁,1
箱,2
箱詰め,1
節,2
節子,1
節減,3
節目,2
節約,1
範囲,19
築く,4
築地,8
築城,1
篠栗,4
篤史,1
簡単,4
簡素,2
米,51
米子,1
粉ミルク,1
粉飾,2
粘り,3
粘り強い,4
粘る,4
粘着,1
粛正,1
精いっぱい,2
精力,1
精密,1
精度,7
精査,1
精神,5
精製,4
精鋭,2
糧,1
糸,1
糸口,3
系,5
糾合,2
紀伊,2
紀勢線,1
約,1
約束,6
紅海,1
納める,2
納付,2
納得,2
納車,1
純,2
純粋,1
紗,1
紙,5
級,12
紛争,10
素早い,4
素行,1
細か,1
細かい,1
細工,1
細田,6
細胞,12
細野,1
紹介,13
終える,18
終わる,29
終了,9
終値,6
終戦,4
終盤,3
終結,1
組,3
組み,1
組み合わせ,1
組み合わせる,3
組み立てる,1
組む,3
組める,1
組合,2
組織,31
経,1
経口,1
経営,17
経団連,7
経常,2
経済,69
経緯,9
経費,10
経路,2
経過,3
経験,11
結,1
結び,1
結びつく,1
結びつける,2
結ぶ,12
結局,6
結成,2
結束,4
結果,74
結衣,1
結論,3
結論づける,1
結集,2
絞める,2
絞る,2
絡む,1
給与,1
給付,3
給水,9
統一,3
統合,1
統括,15
統計,19
絵,1
絵画,1
絵里,1
絶つ,8
絶妙,1
絶対,9
絶滅,1
継承,3
継続,9
続き,489
続く,116
続ける,72
続行,1
維持,37
維新,1
綱紀,1
網,5
網棚,1
網膜,1
綾香,1
緊密,5
緊張,15
緊急,16
総,14
総じて,1
総体,8
総力,1
総務,28
総合,16
総括,2
総理,60
総社,10
総裁,31
総長,8
総領事館,5
総額,4
緑,2
緑化,1
緑色,2
線,28
線路,8
締めつけ,1
締め出す,1
締め切る,1
締結,2
編む,1
編成,2
緩む,2
緩やか,5
緩和,33
緩急,3
練り歩く,1
練る,2
練習,23
縦,1
縮まる,1
縮める,1
縮小,2
繁栄,3
繰り上げる,2
繰り返す,6
缶詰,4
罪,7
置き場,7
置く,14
罰則,1
罰金,6
署,5
署名,8
美,2
美容,1
美濃,5
美濃加茂,2
美濃田,2
美結,2
美術,1
美術館,1
美香,1
群馬,6
義,2
義典,1
義務,5
義務づける,5
義援金,1
義理,2
羽根山,1
羽生,1
羽田,3
翌,4
翌年,2
翌日,4
習志野,1
習慣,2
翔,6
翻弄,1
翼,1
老人,1
老朽,1
考え,79
考える,41
考え方,12
考慮,5
考案,1
者,353
耐える,1
耐久,1
耐震,2
耳,3
聖,3
聖堂,2
聖火,4
聞き取る,2
聞く,34
聞ける,2
聞こえる,5
聡,3
聴く,3
職務,1
職員,30
職場,2
職業,1
職業能力開発大学校,1
肉薄,1
肌,2
肝,2
肝硬変,2
肯定,2
肱川,2
育つ,1
育てる,6
育成,4
肺炎,1
胃,2
背,1
背ける,1
背丈,2
背中,1
背後,1
背景,11
背番号,4
背負う,1
胎内,1
胡,1
胴体,1
胸,6
胸元,1
能,1
能力,9
能美,1
脅かす,2
脅威,8
脇,5
脊髄,3
脚本,1
脩,1
脱出,1
脳,5
腐敗,2
腕,1
腰,3
腹,3
膨らむ,3
膨大,2
膨張,1
臓器,1
臨む,10
臨場,1
臨床,7
臨時,7
自主,5
自体,4
自信,6
自分,39
自前,3
自動,3
自動的,2
自動車,44
自営業,3
自国,8
自宅,15
自家用車,2
自己,1
自殺,14
自民,3
自民党,32
自治,2
自治体,31
自治省,1
自然,2
自由,10
自由党,3
自発,1
自社,4
自称,3
自衛,10
自衛隊,23
自覚,1
自身,9
自転車,6
自陣,1
至る,4
至上,1
致死,2
臼井,2
興,2
興味,2
舗装,4
舞台,11
舞台劇,1
舞鶴,3
舟,5
舟形,4
航,1
航海,4
航空,21
航空機,8
航行,7
船,28
船上,1
船体,1
船橋,2
船籍,13
船舶,3
船頭,2
艇,1
艦,8
艦艇,2
良,1
良い,2
良子,1
良輔,1
色,4
芝,3
芝田,1
花,11
花咲徳栄高校,1
花園,2
花火,14
芳じゅん,1
芳明,3
芸能,1
芸術,1
芽,1
苗,1
若い,9
若手,5
若月,1
若狭,3
若者,3
苦しい,2
苦しむ,2
苦戦,2
苦痛,3
英,8
英昭,1
英樹,1
英語,8
茂木,2
茨城,9
茶色,1
茶色い,1
草,2
草加,1
草原,1
草地,1
荒らす,2
荒井,3
荒川,2
荒浜,1
荷,1
荷揚げ,1
荷物,5
菅,13
菅野,1
菊池,1
菊陽,1
華,2
華麗,1
萩,2
萩野,1
萬,11
萱島,1
落ちる,11
落ち着き,1
落ち着く,2
落ち込む,2
落とす,7
落下,2
落花生,3
落語,1
落選,2
落雷,10
葉,4
著名,2
葛西,3
葵,2
蒲原,3
蒲田,2
蓄積,1
蓮,6
蓮池,7
蔦,1
蔵,1
蔵岡,2
蕨,1
薄い,2
薄暗い,1
薦める,1
薫,4
薬,1
薬物,1
藏,1
藤,1
藤原,3
藤岡,1
藤島,1
藤島川,1
藤本,2
藤沢,4
藤瀬,1
藤田,11
藩主,2
虐待,5
虐殺,2
蛇口,3
蜂屋,1
蜷川,1
融和,1
融資,5
融資枠,3
融通,3
血液,1
衆議院,17
行,4
行う,320
行える,4
行き,3
行き先,2
行き届く,1
行き来,1
行く,11
行ける,2
行使,1
行動,29
行員,2
行政,13
行方,24
行楽,1
行為,34
行進,1
行進曲,1
術,3
街,7
街なか,1
衛星,4
衛生,2
衝動,1
衝撃,5
衝突,13
衞,1
衣料,1
衣装,1
表,2
表す,1
表情,2
表明,15
表現,8
表示,6
表記,5
表面,3
衰退,1
袋,3
被る,1
被告,8
被害,186
被災,78
被爆,28
裁判,19
裁判官,1
裁判所,16
装う,2
装置,6
装飾,2
裏,6
裕,2
裕二,2
裕子,3
補,1
補う,1
補佐,3
補助,7
補欠,1
補正,3
補給,19
製,8
製作,4
製品,10
製法,1
製造,11
複合,3
複数,19
複雑,9
襲う,8
襲撃,1
西,31
西三荘,1
西側,3
西北西,1
西南,2
西川,3
西御門,1
西戸崎,1
西方,1
西日本,78
西暦,3
西村,11
西東京,4
西武,7
西湖,2
西田,2
西脇,3
西郡,1
西部,8
要一郎,1
要件,2
要因,6
要所,2
要望,9
要求,5
要請,8
要領,2
覆う,16
見いだす,2
見える,13
見せかける,2
見せつける,1
見せる,22
見つかる,46
見つける,10
見なす,1
見まね,1
見やすい,1
見る,100
見事,1
見受ける,1
見合わせる,9
見回り,2
見回る,2
見学,1
見守る,2
見当,1
見据える,2
見方,13
見極め,1
見極める,9
見物,8
見直し,10
見直す,11
見積,2
見積もる,2
見立てる,3
見舞,1
見解,7
見識,1
見込み,62
見込む,14
見返り,3
見送る,7
見逃し,2
見通し,54
規制,17
規則,3
規定,4
規模,46
規程,2
規範,8
視,2
視察,11
視界,4
視聴,3
視野,1
覚える,1
親,2
親しむ,1
親交,1
親子,2
親戚,1
親族,4
観光,56
観客,15
観測,57
観覧席,1
観音,1
角川,3
解任,1
解体,3
解党,3
解剖,1
解明,3
解析,7
解決,22
解消,8
解除,14
解雇,2
触る,5
触れる,6
言い回し,1
言い渡し,2
言い渡す,8
言い表せる,1
言う,22
言える,2
言動,4
言及,3
言葉,9
言語,2
言語道断,1
言論,3
計,3
計上,3
計測,1
計画,34
計算,4
討論,2
訓示,1
訓練,3
記す,5
記念,19
記憶,2
記者,75
記述,1
記録,62
訪ねる,1
訪れる,56
訪問,14
訪日,1
設ける,38
設備,10
設定,3
設立,4
設置,47
設計,1
許,5
許す,6
許せる,1
許可,3
訴え,6
訴える,44
訴訟,5
診る,3
診察,3
診断,4
証,5
証券,6
証拠,3
証明,3
証言,8
評価,49
評論,3
試す,1
試み,2
試みる,4
試合,116
試算,4
試飲,1
試験,14
試験場,3
詰まる,1
詰め,3
詰めかける,2
詰める,2
詰め寄る,1
話,14
話しかける,3
話し合い,3
話し合う,8
話す,250
話題,5
該当,1
詳しい,50
詳細,1
誇る,4
誉,1
誌,4
認める,26
認可,7
認定,10
認知,6
認識,23
誓う,6
誕生,1
誘導,25
誘発,1
誘致,2
語,14
語り,1
語りかける,1
語り合う,1
語り継ぐ,2
語る,9
誠,2
誠に,2
誠意,1
誤る,10
説得,1
説明,48
読み上げる,2
読む,491
読谷,1
誰,7
課,13
課す,3
課する,1
課徴,3
課長,11
課題,31
調べ,15
調べる,69
調子,3
調整,29
調査,77
調理,4
調節,1
調達,5
談,1
請求,12
諌早,2
論戦,1
論評,1
諸,1
諸国,17
諸島,4
講じる,5
講演,7
講習,1
謝意,1
謝罪,11
警備,4
警告,8
警報,16
警察,135
警察官,4
警察庁,5
警戒,74
警視庁,13
議会,16
議員,52
議席,7
議論,20
議長,7
議題,2
譲る,2
護岸,4
谷,1
谷口,6
谷地,1
豆,2
豊丘,2
豊作,2
豊前,2
豊富,1
豊岡,7
豊島,1
豊洲,26
豊隆,1
象徴,1
豪,2
豪雨,120
貝殻,1
貞森,1
負う,3
負け,11
負ける,5
負担,16
負荷,2
財務,1
財務局,2
財務省,5
財布,1
財政,7
財源,3
財産,5
貢献,5
貨物,1
販売,25
販路,2
貫く,2
貫通,1
責任,37
貯蔵,5
貴,5
貴広,1
貴重,3
貴金属,2
買い,1
買い入れる,2
買い取り,1
買い取る,4
買い戻す,1
買い求める,1
買う,3
買収,6
貸し,2
貸し出す,1
貸し切り,1
貸す,1
費,12
費用,24
貼る,2
貿易,34
賃上げ,1
賃貸,7
賃金,2
資する,2
資料,17
資本,12
資材,3
資格,11
資源,7
資産,7
資金,8
賛同,3
賛否,1
賛成,7
賞,9
賠償,28
賢,7
賢三,2
質,2
質問,7
賭博,1
購入,3
贈る,4
贈答,1
贈賄,3
赤い,1
赤ちゃん,14
赤倉,1
赤十字,1
赤坂,2
赤字,7
赤穂,3
走り出す,1
走り回る,1
走る,27
走れる,1
走者,1
走行,4
赴任,1
起きる,68
起こす,10
起こる,7
起用,2
起訴,5
超,2
超える,58
超過,1
越,1
越える,10
趣旨,2
足,6
足りる,5
足る,2
足並み,3
足元,2
足取り,1
足場,2
足止め,1
足跡,1
距離,1
跡,2
跡地,1
路,53
路上,12
路線,4
路面,6
跳ぶ,1
踊り,6
踊る,2
踏まえる,19
踏みにじる,1
踏み倒す,1
踏み込む,5
踏む,2
蹴る,1
身,10
身の回り,3
身元,2
身動き,1
身柄,3
身近,6
身長,3
車,65
車いす,1
車両,13
車内,9
車列,1
車庫,1
車掌,1
車検,3
車種,1
車窓,1
車道,2
軌道,4
軍,28
軍事,15
軍備,1
軍機,5
軍民,1
軍縮,2
軒並み,1
軟式,3
軟禁,1
転々,1
転がる,1
転じる,2
転ぶ,3
転倒,5
転換,1
転用,1
転落,4
軸,2
軽,6
軽い,22
軽井沢,2
軽微,1
軽減,2
軽症,1
軽視,1
載せる,3
輝,1
輝く,1
輝明,1
輪,3
輪島,2
輸入,30
輸出,17
輸送,5
辛島,1
辞す,3
辞める,1
辞任,21
辞職,3
辞表,4
辰,1
辰己,1
農作物,3
農園,2
農地,5
農家,13
農林,10
農林水産省,9
農業,11
農相,1
辺り,2
辺野古,1
辻,1
辻本,1
込める,2
迅速,12
迎える,14
迎撃,10
近,1
近い,26
近く,71
近づく,16
近づける,1
近代,3
近年,2
近所,7
近江,1
近海,1
近畿,4
近藤,4
近郊,6
近隣,3
返す,5
返せる,2
返る,1
返却,2
返還,3
迫る,11
迫力,2
述べる,179
迷う,3
迷惑,3
迷路,3
追いかける,1
追いつく,9
追いつける,1
追い上げる,1
追い出す,2
追い払う,1
追い詰める,1
追い越せる,1
追い込む,4
追い風,1
追う,9
追加,22
追及,2
追悼,7
追放,2
追突,6
追認,2
退ける,3
退位,5
退席,1
退職,2
退院,2
送る,23
送れる,1
送検,3
送還,1
送金,1
送電,1
逃げる,11
逃げ出す,2
逃げ場,1
逃れ,7
逃亡,3
逃走,3
逆,7
逆らえる,1
逆流,1
逆転,3
途上,1
途中,17
途切れる,1
途絶える,2
通う,9
通じる,6
通り,5
通りすがり,3
通り抜ける,2
通り魔,1
通る,2
通信,4
通勤,2
通商,11
通報,28
通学,4
通帳,3
通常,10
通知,5
通算,14
通行,9
通行止め,6
通訳,3
通貨,5
通販,5
通路,1
通過,8
逝去,1
速い,21
速やか,13
速度,6
速球,6
造る,5
造営,1
造成,4
造船,1
連,6
連れ,5
連れる,1
連勝,13
連取,1
連合,34
連投,1
連携,38
連敗,4
連日,14
連盟,95
連結,1
連絡,23
連続,37
連行,2
連覇,12
連邦,4
逮捕,36
週,4
週末,1
週間,17
進,1
進む,71
進める,131
進め方,7
進入,5
進出,14
進化,2
進学,3
進展,7
進捗,2
進水,1
進行,2
進路,7
進退,6
遂げる,1
遅い,6
遅らせる,2
遅れ,3
遅れる,18
遊び,3
遊ぶ,5
遊佐,3
遊子,1
遊摺部,1
遊泳,3
遊興,1
運,1
運び出す,3
運び込む,1
運ぶ,23
運休,3
運動,13
運動公園,1
運営,23
運搬,1
運搬船,1
運用,13
運航,5
運行,11
運転,49
運輸,1
運送,2
遍路,4
過,1
過ぎ去る,1
過ごす,4
過ごせる,2
過信,2
過去,29
過大,6
過失,4
過度,3
過激,2
過程,2
過言,1
過酷,1
道,18
道のり,1
道筋,6
道路,37
達す,18
達する,8
達夫,1
達成,10
達治,1
違い,5
違う,9
違反,4
違和感,3
違憲,6
違法,1
遠い,1
遠出,1
遠山,1
遠征,3
遡る,1
遥,1
適任,1
適切,21
適正,2
適用,5
遭う,3
遭遇,1
遮る,3
遮断,1
選,10
選ぶ,23
選任,1
選出,1
選別,2
選定,3
選手,330
選手権,50
選択,1
選択肢,2
選挙,93
選曲,1
選考,2
遺体,11
遺影,1
遺憾,6
遺族,13
遺書,1
遺棄,3
遺構,3
遺留,1
避ける,8
避暑,2
避難,170
那智勝浦,2
那覇,1
那覇空港,3
那須,1
郁夫,3
郎,1
郡上,2
郡山,2
部,87
部下,2
部会,3
部分,24
部品,4
部員,7
部局,2
部屋,5
部長,8
部門,9
部隊,9
都,41
都内,17
都合,1
都市,10
都府県,1
都心,7
都政,4
都民,2
都築,1
都道府県,11
配る,4
配信,2
配備,16
配分,2
配属,3
配慮,11
配管,1
配置,8
配車,8
配達,1
酒,8
酒井,1
酒田,12
酒蔵,1
酒造,4
酔う,3
酷暑,1
醸成,4
醸造,2
釈放,2
釈明,2
重,2
重い,7
重なる,7
重ねる,9
重体,9
重大,11
重機,2
重点,2
重症,2
重要,36
重視,7
重軽傷,1
野党,40
野口,4
野呂川,2
野地,1
野村,14
野瀬,1
野球,42
野田,8
野菜,10
量,67
量産,4
量的,1
金,44
金メダル,15
金利,26
金属,3
金山,7
金山川,1
金沢,4
金田一温泉,1
金町,1
金融,79
金谷,2
金額,3
釜石,4
釣り,1
鈴木,6
鉄,4
鉄板,3
鉄柱,1
鉄腕,1
鉄道,8
鉄鋼,9
鉄骨,3
鉱工業,1
銀メダル,3
銀山,1
銀行,21
銃,23
銃声,1
銃撃,4
銅,2
銅メダル,4
銘じる,2
銘打つ,1
銘柄,3
銚子,10
銭,12
鋭い,3
錦織,5
録音,2
鍵,9
鎌倉,2
鎮圧,2
鎮火,2
鎮魂,2
鐵,1
鑑定,1
鑑賞,1
長,68
長い,19
長らく,1
長女,1
長官,50
長崎,31
長崎大学,1
長年,4
長引く,8
長打,1
長時間,6
長期,19
長期間,1
長栄,1
長男,6
長老,2
長袖,1
長身,2
長野,20
長靴,1
門,10
門主,1
門川,1
門真,1
閉める,4
閉会,13
閉鎖,17
開き,1
開く,134
開ける,11
開会,26
開催,27
開場,3
開始,9
開幕,14
開放,3
開業,3
開発,38
開示,5
開票,9
開設,10
開門,4
開閉,2
間,82
間に合う,3
間借り,1
間取り,1
間違い,1
間隔,1
間際,3
関わり,1
関わる,16
関与,10
関係,136
関口,2
関心,14
関東,44
関根,1
関税,27
関西,1
関西学院大学,4
関西電力,1
関谷,1
関越,4
関連,21
閣僚,10
閣議,9
閲覧,1
闘争,1
阪上,1
阪神,3
防ぐ,17
防げる,1
防府,3
防御,3
防止,14
防水,2
防火,5
防災,38
防犯,5
防衛,34
阻止,5
阿波,1
阿蘇,2
阿部,7
附属,1
降りる,15
降り続く,7
降る,73
降ろす,1
降水,2
限り,2
限る,3
限界,1
陛下,1
院内,1
陣,4
陣営,1
除く,9
除名,3
除外,4
陥る,2
陥没,1
陳,1
陸,1
陸上,12
陸前高田,2
陸連,1
険しい,1
陽,7
陽介,1
隅田川,3
隆,2
隆一,1
隆司,2
隆幸,1
隊,15
隊員,1
階,37
階段,2
随,1
隔たり,3
隙,2
際,45
障害,13
隠す,1
隠せる,1
隠蔽,1
隣,1
隣国,4
隣接,4
隻,16
雄一,1
雄勝,1
雅之,2
雅子,1
雅宏,1
雅彦,1
雅晴,1
集い,1
集まる,19
集める,13
集中,7
集会,3
集合,1
集団,2
集約,1
集落,15
雇用,8
雑巾,2
雑誌,1
雑貨,1
雑踏,1
離れ,2
離れる,15
離れ離れ,2
離宮,2
離散,3
離脱,11
離陸,12
難しい,17
難易,2
難病,2
難航,3
雨,114
雨量,6
雨雲,14
雪辱,1
雰囲気,3
雲,1
雷,11
雷神,1
電事連,1
電力,15
電動,4
電子,5
電柱,1
電気,13
電気事業連合会,2
電池,13
電波,1
電球,10
電話,21
電車,15
電鉄,11
需要,6
震える,1
震度,2
震源,11
震災,7
霊場,1
霧,3
霧吹き,1
露店,6
青,1
青山,2
青山学院女子短期大学,1
青木,2
青果,2
青梅,2
青森,14
青海,1
静か,1
静岡,17
静養,1
非,9
非公式,3
非公開,6
非常,75
非常口,1
非常時,2
非核,62
非難,12
面,8
面す,3
面会,2
面倒,1
面接,1
面白い,1
面積,4
面識,1
革,1
革命,6
革新,3
韓,3
韓国,38
音,11
音声,4
音戸,2
音楽,3
音楽家,2
音色,2
音量,3
音響,1
響かせる,2
響く,2
頂く,2
頂ける,1
頂点,1
頃,2
項目,5
順,2
順一,1
順二,1
順位,8
順守,1
順延,1
順当,1
順次,7
順番,3
順調,5
預かる,1
預金,2
頑張る,10
領,2
領収,1
領土,2
領域,4
領有,2
領海,4
頭,10
頭上,1
頻繁,1
頼る,1
題す,1
額,27
顔,7
顕在,3
顕微鏡,1
顕著,1
願い,3
願う,5
類,1
顧客,3
風,49
風向き,3
風呂,1
風景,4
風物詩,2
風神,1
風評,3
風速,54
風鈴,8
飛ばす,5
飛び乗る,1
飛び跳ねる,1
飛び込む,5
飛び降りる,1
飛ぶ,2
飛行,16
飛行機,2
飛躍,1
飛鳥,1
食い,1
食い止める,1
食べる,7
食事,3
食品,5
食材,1
食糧難,1
飯田,2
飲み物,7
飲む,6
飲める,1
飲料,3
飲酒,5
飲食,9
飼い主,3
飼う,2
飼育,1
飾り,1
飾る,1
養護,1
餌,1
館,10
館山,5
館林,2
館長,1
饗宴,1
首,5
首位,10
首相,21
首脳,37
首都,14
香,1
香り,1
香住,1
香取,1
香川,2
香港,3
香織,1
香美,1
馬越,1
馬路,1
駅,34
駅員,1
駆けつける,7
駆け抜ける,1
駆け込み,7
駆る,1
駆使,6
駐,3
駐在,2
駐車,4
騒ぎ,3
騒然,1
驚く,11
骨,2
骨子,2
骨折,4
高,6
高い,114
高まり,3
高まる,39
高める,8
高価,1
高倉,3
高値,4
高台,1
高官,3
高崎,1
高度,4
高松,2
高架,3
高校,69
高校生,16
高梁,3
高梨,1
高森,2
高橋,5
高気圧,10
高波,34
高温,8
高潮,12
高田,1
高田馬場,1
高知,9
高等,6
高萩,4
高裁,1
高速,8
高野台,1
高野連,5
高額,1
高騰,1
高齢,14
髪,3
髪の毛,1
鬼首,2
魅了,1
魅力,2
魔女,2
魚,2
魚市場,1
魚梁瀬,1
鮭川,4
鮮やか,2
鮮明,2
鳥,1
鳥取,8
鳥栖,1
鳥海山,3
鳥羽,3
鳥肌,1
鳥谷,1
鳴り響く,2
鳴る,5
鴨東線,1
鵜住居,1
鶴,2
鶴子,2
鶴岡,10
鷹,2
鹿児島,20
鹿島アントラーズ,1
麻,2
麻子,3
麻生,4
麻衣子,2
黄,1
黄金,1
黒い,1
黒字,4
黒星,1
黒潮,1
黒田,4
黒装束,1
黙とう,7
鼠ヶ関,3
齋藤,8
龍,2
龍谷大,1
龍谷大学,1
！,3
％,179
（,100
）,100
＋,2
．,1
０,52
１,457
１つ,16
１月,10
２,507
２つ,4
２月,10
３,356
３つ,8
３月,13
４,257
４つ,17
４月,32
５,250
５つ,12
５月,20
６,200
６つ,5
６月,35
７,179
７つ,1
７月,22
８,128
８つ,4
８月,29
９,114
９つ,5
９月,23
＝,79
？,8
Ａ,20
ＡＢＣ,2
ＡＰ通信,1
ＡＳＥＡＮ,35
Ｂ,18
ＣＧ,1
ＣＭ,2
Ｄ,3
Ｅ,2
ＥＵ,23
Ｆ,2
ＧＤＰ,2
Ｈ,1
Ｉ,20
ＩＣ,2
ＩＯＣ,1
ＩＲ,2
Ｊ,2
ＪＡ,7
ＪＥＴＲＯ,3
ＪＯＣ,7
ＪＲ,14
ＪＲ九州,1
ＪＲ東日本,6
ＪＴＢ,1
Ｋ,9
Ｍ,2
ＮＡＴＯ,6
ＮＨＫ,34
ＮＰＯ,3
ＮＲＡ,4
ＮＴＴドコモ,9
ＯＢ,3
Ｐ,2
ＰＡＣ,4
ＰＫＯ,1
ＰＲ,1
Ｑ,4
Ｔ,3
ＴＯＫＹＯ,1
Ｖ,1
ＷＢＣ,1
ＷＨＯ,4
Ｘ,4
Ｙ,1
